,2011-03,2011-06,2011-09,2011-12,2012-03,2012-06,2012-09,2012-12,2013-03,2013-06,2013-09,2013-12,2014-03,2014-06,2014-09,2014-12,2015-03,2015-06,2015-09,2015-12,2016-03,2016-06,2016-09,2016-12,2017-03,2017-06,2017-09,2017-12,2018-03,2018-06,2018-09,2018-12,2019-03,2019-06,2019-09,2019-12,2020-03,2020-06,2020-09,2020-12,2021-03,2021-06,2021-09,2021-12,2022-03,2022-06,2022-09,2022-12,2023-03,2023-06,2023-09,2023-12,2024-03,2024-06,2024-09,2024-12
revenue,731000000,895000000,954000000,1131000000,1058000000,1184000000,1262000000,1585000000,1458000000,1813000000,2016000000,2586000000,2502000000,2910000000,3203000000,3851000000,3543000000,4042000000,4501000000,5841000000,5382000000,6436000000,7011000000,8809000000,8032000000,9321000000,10328000000,12972000000,11966000000,13231000000,13727000000,16914000000,15077000000,16886000000,17652000000,21082000000,17737000000,18687000000,21470000000,28072000000,26171000000,29077000000,29010000000,33671000000,27908000000,28822000000,27714000000,32165000000,28645000000,31999000000,34146000000,40111000000,36455000000,39071000000,40589000000,48385000000
cogs,167000000,210000000,236000000,247000000,277000000,367000000,322000000,397000000,413000000,465000000,507000000,491000000,462000000,473000000,565000000,652000000,654000000,668000000,720000000,824000000,838000000,917000000,987000000,1047000000,1159000000,1237000000,1448000000,1611000000,1927000000,2214000000,2418000000,2796000000,2816000000,3307000000,3155000000,3491000000,3459000000,3829000000,4194000000,5210000000,5131000000,5399000000,5771000000,6348000000,6005000000,5192000000,5716000000,8336000000,6108000000,5945000000,6210000000,7695000000,6640000000,7308000000,7375000000,8839000000
gross_profit,564000000,685000000,718000000,884000000,781000000,817000000,940000000,1188000000,1045000000,1348000000,1509000000,2095000000,2040000000,2437000000,2638000000,3199000000,2889000000,3374000000,3781000000,5017000000,4544000000,5519000000,6024000000,7762000000,6873000000,8084000000,8880000000,11361000000,10039000000,11017000000,11309000000,14118000000,12261000000,13579000000,14497000000,17591000000,14278000000,14858000000,17276000000,22862000000,21040000000,23678000000,23239000000,27323000000,21903000000,23630000000,21998000000,23829000000,22537000000,26054000000,27936000000,32416000000,29815000000,31763000000,33214000000,39546000000
sga,119000000,179000000,196000000,213000000,247000000,855000000,319000000,368000000,379000000,442000000,404000000,554000000,510000000,555000000,633000000,955000000,894000000,931000000,1051000000,1143000000,1191000000,1314000000,1365000000,1632000000,1712000000,1764000000,1706000000,2060000000,2352000000,2631000000,2871000000,3443000000,3084000000,3638000000,3764000000,4855000000,4370000000,4433000000,4473000000,4880000000,4465000000,5215000000,6500000000,7692000000,5672000000,6582000000,7164000000,7659000000,5929000000,7318000000,4947000000,5515000000,6019000000,6379000000,4687000000,4002000000
rnd,57000000,99000000,108000000,124000000,153000000,705000000,244000000,297000000,293000000,344000000,369000000,409000000,455000000,492000000,608000000,1111000000,1062000000,1170000000,1271000000,1314000000,1343000000,1471000000,1542000000,1563000000,1834000000,1919000000,2052000000,1949000000,2238000000,2523000000,2657000000,2855000000,2860000000,3315000000,3548000000,3878000000,4015000000,4462000000,4763000000,5207000000,5197000000,6096000000,6316000000,7046000000,7707000000,8690000000,9170000000,9771000000,9381000000,9344000000,9241000000,10517000000,9978000000,10537000000,11177000000,12180000000
special_charges,0,0,0,0,0,0,0,0,0,0,0,0,0,0,0,0,0,0,0,0,0,0,0,0,0,0,0,0,0,0,0,0,0,0,0,0,0,0,0,0,0,0,0,0,0,0,0,0,0,0,0,0,0,0,0,0
other_opex,0,0,0,0,0,0,0,0,0,0,0,0,0,0,0,0,0,0,0,0,0,0,0,0,0,0,0,0,0,0,0,0,0,0,0,0,0,0,0,0,0,0,0,0,0,0,0,0,0,0,0,0,0,0,0,0
total_opex,176000000,278000000,304000000,337000000,400000000,1560000000,563000000,665000000,672000000,786000000,773000000,963000000,965000000,1047000000,1241000000,2066000000,1956000000,2101000000,2322000000,2457000000,2534000000,2785000000,2907000000,3195000000,3546000000,3683000000,3758000000,4009000000,4590000000,5154000000,5528000000,6298000000,5944000000,6953000000,7312000000,8733000000,8385000000,8895000000,9236000000,10087000000,9662000000,11311000000,12816000000,14738000000,13379000000,15272000000,16334000000,17430000000,15310000000,16662000000,14188000000,16032000000,15997000000,16916000000,15864000000,16182000000
operating_income,388000000,407000000,414000000,547000000,381000000,-743000000,377000000,523000000,373000000,562000000,736000000,1132000000,1075000000,1390000000,1397000000,1133000000,933000000,1273000000,1459000000,2560000000,2010000000,2734000000,3117000000,4567000000,3327000000,4401000000,5122000000,7352000000,5449000000,5863000000,5781000000,7820000000,6317000000,6626000000,7185000000,8858000000,5893000000,5963000000,8040000000,12775000000,11378000000,12367000000,10423000000,12585000000,8524000000,8358000000,5664000000,6399000000,7227000000,9392000000,13748000000,16384000000,13818000000,14847000000,17350000000,23364000000
interest_income,0,0,0,0,0,0,0,0,-10000000,-9000000,-16000000,54000000,0,0,4000000,23000000,2000000,5000000,7000000,37000000,27000000,32000000,50000000,66000000,67000000,91000000,108000000,132000000,145000000,143000000,176000000,187000000,198000000,219000000,258000000,229000000,228000000,162000000,146000000,136000000,118000000,121000000,120000000,125000000,81000000,96000000,142000000,142000000,193000000,323000000,534000000,588000000,585000000,540000000,661000000,731000000
interest_expense,-7000000,-9000000,-10000000,-12000000,-13000000,-10000000,-11000000,0,-10000000,-8000000,6000000,-42000000,0,-4000000,-65000000,45000000,-3000000,-5000000,-34000000,26000000,29000000,-12000000,-3000000,-24000000,14000000,-4000000,6000000,-16000000,16000000,-138000000,-45000000,177000000,-33000000,-13000000,-114000000,187000000,-9000000,-22000000,-15000000,12000000,100000000,25000000,70000000,-8000000,249000000,-208000000,-99000000,-449000000,-50000000,-277000000,-164000000,-104000000,-72000000,-113000000,-200000000,-158000000
net_interest_income_normal,-7000000,-9000000,-10000000,-12000000,-13000000,-10000000,-11000000,0,-20000000,-17000000,-10000000,12000000,0,-4000000,-61000000,68000000,-1000000,0,-27000000,63000000,56000000,20000000,47000000,42000000,81000000,87000000,114000000,116000000,161000000,5000000,131000000,364000000,165000000,206000000,144000000,416000000,219000000,140000000,131000000,148000000,218000000,146000000,190000000,117000000,330000000,-112000000,43000000,-307000000,143000000,46000000,370000000,484000000,513000000,427000000,461000000,573000000
other_nonoperating_income,17000000,1000000,-25000000,-16000000,14000000,-12000000,6000000,-2000000,0,0,0,-14000000,0,0,0,-87000000,0,0,0,-66000000,0,0,0,-76000000,0,0,0,-6000000,0,0,0,-213000000,-3000000000,-2000000000,0,-105000000,-251000000,28000000,-38000000,132000000,-93000000,0,-48000000,1000000,54000000,-60000000,-131000000,57000000,-63000000,-145000000,-98000000,-61000000,-148000000,-168000000,11000000,-385000000
pretax_income,398000000,399000000,379000000,519000000,382000000,-765000000,372000000,505000000,353000000,545000000,726000000,1130000000,1075000000,1386000000,1336000000,1114000000,932000000,1273000000,1432000000,2557000000,2066000000,2754000000,3164000000,4533000000,3408000000,4488000000,5236000000,7462000000,5610000000,5868000000,5912000000,7971000000,3482000000,4832000000,7329000000,9169000000,5861000000,6131000000,8133000000,13055000000,11503000000,12513000000,10565000000,12703000000,8908000000,8186000000,5576000000,6149000000,7307000000,9293000000,14020000000,16807000000,14183000000,15106000000,17822000000,23552000000
income_tax,-165000000,-159000000,-152000000,-217000000,-177000000,608000000,-431000000,-441000000,-134000000,-212000000,-301000000,-607000000,-433000000,-595000000,-530000000,-413000000,-420000000,-554000000,-536000000,-996000000,-328000000,-471000000,-537000000,-964000000,-344000000,-594000000,-529000000,-3193000000,-622000000,-762000000,-775000000,-1089000000,-1053000000,-2216000000,-1238000000,-1820000000,-959000000,-953000000,-287000000,-1836000000,-2006000000,-2119000000,-1371000000,-2418000000,-1443000000,-1499000000,-1181000000,-1496000000,-1598000000,-1505000000,-2437000000,-2790000000,-1814000000,-1641000000,-2134000000,-2714000000
net_income_continuing,233000000,240000000,227000000,302000000,205000000,-157000000,-59000000,64000000,219000000,333000000,425000000,523000000,642000000,791000000,806000000,701000000,512000000,719000000,896000000,1561000000,1738000000,2283000000,2627000000,3569000000,3064000000,3894000000,4707000000,4269000000,4988000000,5106000000,5137000000,6882000000,2429000000,2616000000,6091000000,7349000000,4902000000,5178000000,7846000000,11219000000,9497000000,10394000000,9194000000,10285000000,7465000000,6687000000,4395000000,4653000000,5709000000,7788000000,11583000000,14017000000,12369000000,13465000000,15688000000,20838000000
net_income_discontinued,0,0,0,0,0,0,0,0,0,0,0,0,0,0,0,0,0,0,0,0,0,0,0,0,0,0,0,0,0,0,0,0,0,0,0,0,0,0,0,0,0,0,0,0,0,0,0,0,0,0,0,0,0,0,0,0
income_allocated_to_minority_interest,0,0,0,0,0,0,0,0,0,0,0,0,0,0,0,0,0,0,0,0,0,0,0,0,0,0,0,0,0,0,0,0,0,0,0,0,0,0,0,0,0,0,0,0,0,0,0,0,0,0,0,0,0,0,0,0
other_income_statement_items,0,0,0,0,0,0,0,0,0,0,0,0,0,0,0,0,0,0,0,0,0,0,0,0,0,0,0,0,0,0,0,0,0,0,0,0,0,0,0,0,0,0,0,0,0,0,0,0,0,0,0,0,0,0,0,0
net_income,233000000,240000000,227000000,302000000,205000000,-157000000,-59000000,64000000,219000000,333000000,425000000,523000000,642000000,791000000,806000000,701000000,512000000,719000000,896000000,1561000000,1738000000,2283000000,2627000000,3569000000,3064000000,3894000000,4707000000,4269000000,4988000000,5106000000,5137000000,6882000000,2429000000,2616000000,6091000000,7349000000,4902000000,5178000000,7846000000,11219000000,9497000000,10394000000,9194000000,10285000000,7465000000,6687000000,4395000000,4653000000,5709000000,7788000000,11583000000,14017000000,12369000000,13465000000,15688000000,20838000000
preferred_dividends,0,0,0,0,0,0,0,0,0,0,0,0,0,0,0,0,0,0,0,0,0,0,0,0,0,0,0,0,0,0,0,0,0,0,0,0,0,0,0,0,0,0,0,0,0,0,0,0,0,0,0,0,0,0,0,0
net_income_available_to_shareholders,233000000,240000000,227000000,302000000,205000000,-157000000,-59000000,64000000,219000000,333000000,425000000,523000000,642000000,791000000,806000000,701000000,512000000,719000000,896000000,1561000000,1738000000,2283000000,2627000000,3569000000,3064000000,3894000000,4707000000,4269000000,4988000000,5106000000,5137000000,6882000000,2429000000,2616000000,6091000000,7349000000,4902000000,5178000000,7846000000,11219000000,9497000000,10394000000,9194000000,10285000000,7465000000,6687000000,4395000000,4653000000,5709000000,7788000000,11583000000,14017000000,12369000000,13465000000,15688000000,20838000000
eps_basic,0.06,0.06,0.06,0.15,0.06,-0.08,-0.02,0.03,0.09,0.14,0.17,0.21,0.25,0.31,0.31,0.25,0.18,0.26,0.32,0.55,0.61,0.8,0.91,1.24,1.06,1.34,1.62,1.47,1.72,1.76,1.78,2.4,0.85,0.92,2.13,2.58,1.72,1.82,2.75,3.94,3.34,3.67,3.27,3.72,2.74,2.47,1.64,1.76,2.21,3.03,4.5,5.46,4.86,5.31,6.2,8.24
eps_diluted,0.06,0.06,0.05,0.14,0.06,-0.08,-0.02,0.03,0.09,0.13,0.17,0.2,0.25,0.3,0.3,0.25,0.18,0.25,0.31,0.54,0.6,0.78,0.9,1.21,1.04,1.32,1.59,1.44,1.69,1.74,1.76,2.38,0.85,0.91,2.12,2.56,1.71,1.8,2.71,3.88,3.3,3.61,3.22,3.67,2.72,2.46,1.64,1.76,2.2,2.98,4.39,5.33,4.71,5.16,6.03,8.02
shares_basic,2456000000,2456000000,2456000000,2456000000,2138085000,1879000000,2420000000,2372000000,2386000000,2407000000,2430000000,2456000000,2545000000,2560000000,2587000000,2761000000,2784000000,2796000000,2808000000,2824000000,2843000000,2856000000,2871000000,2881000000,2891000000,2900000000,2904000000,2910000000,2906000000,2895000000,2885000000,2875000000,2856000000,2855000000,2854000000,2851000000,2851000000,2850000000,2850000000,2854000000,2847000000,2834000000,2814000000,2764000000,2725000000,2704000000,2682000000,2639000000,2587000000,2568000000,2576000000,2565000000,2545000000,2534000000,2529000000,2528000000
shares_diluted,2556000000,2556000000,2556000000,2556000000,2138085000,1879000000,2420000000,3012000000,2499000000,2502000000,2528000000,2556000000,2609000000,2615000000,2644000000,2808000000,2836000000,2850000000,2863000000,2868000000,2905000000,2921000000,2931000000,2946000000,2944000000,2951000000,2956000000,2962000000,2945000000,2930000000,2913000000,2891000000,2869000000,2875000000,2874000000,2879000000,2868000000,2879000000,2891000000,2903000000,2882000000,2877000000,2859000000,2808000000,2742000000,2713000000,2687000000,2654000000,2596000000,2612000000,2641000000,2647000000,2625000000,2610000000,2600000000,2611000000
da_income_statement_supplemental,51000000,72000000,97000000,103000000,110000000,139000000,176000000,224000000,233000000,230000000,274000000,274000000,264000000,257000000,289000000,433000000,457000000,459000000,486000000,543000000,552000000,585000000,591000000,614000000,671000000,729000000,772000000,853000000,949000000,1034000000,1107000000,1225000000,1355000000,1502000000,1416000000,1468000000,1597000000,1704000000,1698000000,1863000000,1972000000,1986000000,1995000000,2014000000,2156000000,1979000000,2175000000,2376000000,2524000000,2623000000,2859000000,3172000000,3374000000,3637000000,4027000000,4460000000
cash_and_equiv,0,0,0,1512000000,1282000000,2098000000,2478000000,2384000000,2325000000,3001000000,3100000000,3323000000,2998000000,4384000000,8999000000,4315000000,3419000000,5123000000,4308000000,4907000000,6456000000,5108000000,6038000000,8903000000,7104000000,6252000000,7201000000,8079000000,12082000000,11552000000,9637000000,10019000000,11076000000,13877000000,15979000000,19079000000,23618000000,21045000000,11617000000,17576000000,19513000000,16186000000,14496000000,16601000000,14886000000,12681000000,14308000000,14681000000,11551000000,28785000000,36890000000,41862000000,32307000000,32045000000,43852000000,43889000000
st_investments,0,0,0,2396000000,2628000000,8090000000,7974000000,7242000000,7147000000,7251000000,6228000000,8126000000,9631000000,9572000000,5251000000,6884000000,8994000000,9002000000,11526000000,13527000000,14165000000,18185000000,20102000000,20546000000,25202000000,29200000000,31088000000,33632000000,31874000000,30757000000,31569000000,31095000000,34167000000,34719000000,36290000000,35776000000,36671000000,37195000000,44003000000,44378000000,44706000000,47894000000,43579000000,31397000000,29004000000,27808000000,27468000000,26057000000,25888000000,24661000000,24233000000,23541000000,25813000000,26035000000,27048000000,33926000000
receivables,0,0,0,547000000,482000000,1145000000,1202000000,1170000000,1085000000,782000000,879000000,1109000000,1006000000,1190000000,1363000000,1678000000,1508000000,1815000000,2010000000,2559000000,2348000000,2801000000,3070000000,3993000000,3415000000,3897000000,4424000000,5832000000,5115000000,5590000000,6058000000,7587000000,6475000000,7513000000,7673000000,9518000000,7289000000,7483000000,8024000000,11335000000,10276000000,11698000000,12088000000,14039000000,11390000000,11525000000,11227000000,13466000000,11044000000,12511000000,12944000000,16169000000,13430000000,14505000000,14700000000,16994000000
inventories,0,0,0,0,0,0,0,0,0,0,0,0,0,0,0,0,0,0,0,0,0,0,0,0,0,0,0,0,0,0,0,0,0,0,0,0,0,0,0,0,0,0,0,0,0,0,0,0,0,0,0,0,0,0,0,0
other_current_assets,0,0,0,149000000,627000000,634000000,631000000,471000000,485000000,387000000,342000000,512000000,425000000,411000000,502000000,513000000,1083000000,1011000000,1295000000,659000000,843000000,916000000,1118000000,959000000,1209000000,1455000000,1490000000,1020000000,1341000000,1934000000,1883000000,1779000000,1582000000,1852000000,2137000000,1852000000,1771000000,2407000000,2155000000,2381000000,2827000000,4919000000,5258000000,4629000000,3985000000,3973000000,5312000000,5345000000,4000000000,3603000000,4311000000,3793000000,3780000000,3846000000,5467000000,5236000000
total_current_assets,0,0,0,4604000000,5019000000,11967000000,12285000000,11267000000,11042000000,11421000000,10549000000,13070000000,14060000000,15557000000,16115000000,13390000000,15004000000,16951000000,19139000000,21652000000,23812000000,27010000000,30328000000,34401000000,36930000000,40804000000,44203000000,48563000000,50412000000,49833000000,49147000000,50480000000,53300000000,57961000000,62079000000,66225000000,69349000000,68130000000,65799000000,75670000000,77322000000,80697000000,75421000000,66666000000,59265000000,55987000000,58315000000,59549000000,52483000000,69560000000,78378000000,85365000000,75330000000,76431000000,91067000000,100045000000
equity_and_other_investments,0,0,0,0,0,0,0,0,0,0,0,0,0,0,0,0,0,0,0,0,0,0,0,0,0,0,0,0,0,0,0,0,0,0,0,86000000,0,0,6164000000,6234000000,6342000000,6393000000,6758000000,6775000000,6775000000,6536000000,6528000000,6201000000,6167000000,6208000000,6142000000,6141000000,6218000000,6207000000,6071000000,6070000000
ppe_gross,0,0,0,1925000000,2392000000,2734000000,3023000000,3273000000,3535000000,3591000000,3821000000,4142000000,4370000000,4794000000,5319000000,5784000000,6574000000,6916000000,7370000000,7819000000,8813000000,9756000000,10778000000,11803000000,13032000000,14668000000,16446000000,18337000000,21292000000,23918000000,27196000000,31573000000,41749000000,46023000000,50333000000,55446000000,58098000000,61517000000,65867000000,70399000000,74412000000,79169000000,83438000000,90044000000,95276000000,104152000000,110772000000,117166000000,124034000000,129857000000,135653000000,143015000000,148373000000,155412000000,167828000000,179585000000
accumulated_depreciation,0,0,0,-450000000,-537000000,-629000000,-734000000,-882000000,-1002000000,-1014000000,-1136000000,-1260000000,-1296000000,-1460000000,-1616000000,-1817000000,-1955000000,-1961000000,-2035000000,-2132000000,-2346000000,-2652000000,-2879000000,-3212000000,-3570000000,-4040000000,-4288000000,-4616000000,-5081000000,-5561000000,-6084000000,-6890000000,-7657000000,-8752000000,-9646000000,-10663000000,-11612000000,-13082000000,-14137000000,-15418000000,-16490000000,-17735000000,-18649000000,-20080000000,-21453000000,-22434000000,-23393000000,-24975000000,-26979000000,-28953000000,-30848000000,-33134000000,-35910000000,-38395000000,-40854000000,-43317000000
ppe_net,0,0,0,1475000000,1855000000,2105000000,2289000000,2391000000,2533000000,2577000000,2685000000,2882000000,3074000000,3334000000,3703000000,3967000000,4619000000,4955000000,5335000000,5687000000,6467000000,7104000000,7899000000,8591000000,9462000000,10628000000,12158000000,13721000000,16211000000,18357000000,21112000000,24683000000,34092000000,37271000000,40687000000,44783000000,46486000000,48435000000,51730000000,54981000000,57922000000,61434000000,64789000000,69964000000,73823000000,81718000000,87379000000,92191000000,97055000000,100904000000,104805000000,109881000000,112463000000,117017000000,126974000000,136268000000
intangible_assets,0,0,0,80000000,107000000,709000000,833000000,801000000,847000000,869000000,847000000,883000000,842000000,815000000,1317000000,3929000000,3774000000,3605000000,3437000000,3246000000,3067000000,2879000000,2702000000,2535000000,2360000000,2186000000,2050000000,1884000000,1735000000,1573000000,1451000000,1294000000,1150000000,994000000,853000000,894000000,838000000,859000000,744000000,623000000,505000000,514000000,365000000,634000000,910000000,965000000,875000000,897000000,949000000,856000000,813000000,788000000,0,0,0,915000000
goodwill,0,0,0,82000000,82000000,100000000,590000000,587000000,654000000,762000000,762000000,839000000,840000000,857000000,2612000000,17981000000,18005000000,18025000000,18024000000,18026000000,18029000000,18043000000,18085000000,18122000000,18126000000,18129000000,18213000000,18221000000,18268000000,18263000000,18304000000,18301000000,18333000000,18334000000,18338000000,18715000000,18811000000,19029000000,19031000000,19050000000,19056000000,19219000000,19065000000,19197000000,19923000000,20229000000,20268000000,20306000000,20649000000,20659000000,20668000000,20654000000,20654000000,20654000000,20654000000,20654000000
other_lt_assets,0,0,0,90000000,121000000,47000000,41000000,57000000,87000000,95000000,90000000,221000000,212000000,206000000,441000000,699000000,605000000,594000000,534000000,796000000,700000000,703000000,660000000,1312000000,1836000000,2096000000,2374000000,2135000000,2319000000,2265000000,2438000000,2576000000,2602000000,2446000000,2461000000,2673000000,2887000000,3238000000,2969000000,2758000000,2376000000,2352000000,3187000000,2751000000,3522000000,4344000000,5529000000,6583000000,7188000000,8501000000,5468000000,6794000000,8179000000,9929000000,11642000000,12102000000
total_assets,0,0,0,6331000000,7184000000,14928000000,16038000000,15103000000,15163000000,15724000000,14933000000,17895000000,19028000000,20769000000,24188000000,39966000000,42007000000,44130000000,46469000000,49407000000,52075000000,55739000000,59674000000,64961000000,68714000000,73843000000,78998000000,84524000000,88945000000,90291000000,92452000000,97334000000,109477000000,117006000000,124418000000,133376000000,138371000000,139691000000,146437000000,159316000000,163523000000,170609000000,169585000000,165987000000,164218000000,169779000000,178894000000,185727000000,184491000000,206688000000,216274000000,229623000000,222844000000,230238000000,256408000000,276054000000
accounts_payable,0,0,0,63000000,129000000,43000000,59000000,65000000,75000000,55000000,36000000,87000000,85000000,146000000,120000000,176000000,129000000,139000000,149000000,196000000,149000000,130000000,260000000,302000000,170000000,323000000,383000000,380000000,593000000,419000000,590000000,820000000,604000000,655000000,860000000,1363000000,829000000,920000000,1106000000,1331000000,878000000,973000000,2195000000,4083000000,3246000000,4008000000,3871000000,4990000000,3672000000,3093000000,4372000000,4849000000,3785000000,3173000000,7656000000,7687000000
tax_payable,0,0,0,0,0,0,0,0,0,0,0,0,0,0,0,0,0,0,0,0,0,0,0,155000000,0,0,0,340000000,0,0,0,491000000,0,0,0,624000000,0,0,0,2038000000,0,0,0,1256000000,0,0,0,2339000000,3589000000,5837000000,4608000000,3655000000,4863000000,2244000000,2703000000,3438000000
current_accrued_liabilities,0,0,0,0,337000000,441000000,409000000,46000000,430000000,505000000,453000000,87000000,525000000,666000000,709000000,164000000,1300000000,1472000000,1338000000,192000000,1389000000,1770000000,2018000000,331000000,2400000000,2626000000,2503000000,685000000,4003000000,3720000000,4255000000,1531000000,7980000000,10878000000,10877000000,7080000000,12446000000,8496000000,8684000000,3036000000,9411000000,11510000000,13158000000,4646000000,15226000000,15420000000,16036000000,7716000000,8035000000,9762000000,9422000000,8805000000,9535000000,9778000000,9792000000,8105000000
st_debt,0,0,0,0,0,0,0,0,0,0,0,0,0,0,0,0,0,0,0,201000000,0,0,0,0,0,0,0,0,0,0,0,500000000,0,0,0,0,0,0,0,0,0,0,0,0,0,0,0,0,0,0,0,0,0,0,0,0
current_capital_leases,0,0,0,279000000,302000000,312000000,372000000,365000000,338000000,316000000,288000000,239000000,201000000,173000000,149000000,114000000,73000000,39000000,17000000,7000000,0,0,0,0,0,0,0,0,0,0,0,0,645000000,688000000,776000000,800000000,835000000,899000000,975000000,1023000000,1040000000,1051000000,1086000000,1127000000,1159000000,1275000000,1291000000,1367000000,1479000000,1396000000,1460000000,1623000000,1676000000,1917000000,2016000000,1942000000
current_deferred_revenue,0,0,0,90000000,93000000,85000000,85000000,30000000,30000000,32000000,36000000,38000000,38000000,53000000,48000000,66000000,55000000,49000000,47000000,56000000,55000000,79000000,78000000,90000000,80000000,88000000,105000000,98000000,94000000,91000000,115000000,147000000,142000000,198000000,225000000,269000000,247000000,264000000,379000000,382000000,382000000,391000000,464000000,0,520000000,532000000,514000000,0,0,0,0,0,0,0,0,0
current_deferred_tax_liability,0,0,0,0,0,0,0,0,0,0,0,0,0,0,0,0,0,0,0,0,0,0,0,0,0,0,0,0,0,0,0,0,0,0,0,0,0,0,0,0,0,0,0,0,0,0,0,0,0,0,0,0,0,0,0,0
other_current_liabilities,0,0,0,467000000,178000000,153000000,155000000,546000000,190000000,172000000,171000000,649000000,188000000,176000000,208000000,904000000,189000000,182000000,241000000,1273000000,216000000,232000000,239000000,1997000000,278000000,278000000,314000000,2257000000,396000000,440000000,502000000,3528000000,537000000,560000000,590000000,4917000000,712000000,729000000,800000000,7171000000,1006000000,949000000,909000000,10023000000,935000000,982000000,975000000,10614000000,8606000000,9833000000,10669000000,13028000000,8242000000,9892000000,11163000000,12424000000
total_current_liabilities,0,0,0,899000000,1039000000,1034000000,1080000000,1052000000,1063000000,1080000000,984000000,1100000000,1037000000,1214000000,1234000000,1424000000,1746000000,1881000000,1792000000,1925000000,1809000000,2211000000,2595000000,2875000000,2928000000,3315000000,3305000000,3760000000,5086000000,4670000000,5462000000,7017000000,9908000000,12979000000,13328000000,15053000000,15069000000,11308000000,11944000000,14981000000,12717000000,14874000000,17812000000,21135000000,21086000000,22217000000,22687000000,27026000000,25381000000,29921000000,30531000000,31960000000,28101000000,27004000000,33330000000,33596000000
lt_debt,0,0,0,0,0,0,0,1500000000,1500000000,1500000000,0,0,0,0,0,0,0,0,0,0,0,0,0,0,0,0,0,0,0,0,0,0,0,0,0,0,0,0,0,0,0,0,0,0,0,0,9922000000,9923000000,9925000000,18382000000,18383000000,18385000000,18387000000,18389000000,28823000000,28826000000
noncurrent_capital_leases,0,0,0,398000000,404000000,394000000,530000000,491000000,420000000,351000000,287000000,237000000,191000000,153000000,129000000,119000000,113000000,110000000,109000000,107000000,0,0,0,0,0,0,0,0,0,0,0,0,6565000000,7122000000,8356000000,9524000000,9509000000,9633000000,9641000000,9631000000,10574000000,10956000000,11554000000,12746000000,12894000000,14792000000,14687000000,15301000000,16171000000,16440000000,16374000000,17226000000,17570000000,17685000000,18208000000,18292000000
pension_liabilities,0,0,0,0,0,0,0,0,0,0,0,0,0,0,0,0,0,0,0,0,0,0,0,0,0,0,0,0,0,0,0,0,0,0,0,0,0,0,0,0,0,0,0,0,0,0,0,0,0,0,0,0,0,0,0,0
noncurrent_deferred_revenue,0,0,0,0,0,0,0,0,0,0,0,47000000,0,0,0,769000000,0,0,0,0,0,0,0,0,0,0,0,50000000,0,0,0,673000000,0,0,0,0,0,0,0,0,0,0,0,0,0,0,0,0,0,0,0,0,0,0,0,0
other_lt_liabilities,0,0,0,135000000,144000000,191000000,254000000,305000000,356000000,444000000,614000000,1041000000,1063000000,1056000000,1587000000,1558000000,2647000000,2687000000,3148000000,3157000000,3116000000,3145000000,2964000000,2892000000,3598000000,4047000000,4485000000,6367000000,6239000000,6239000000,6648000000,5517000000,6488000000,8143000000,8735000000,7745000000,8489000000,8303000000,7121000000,6414000000,6575000000,6552000000,6859000000,7227000000,7010000000,7003000000,7504000000,7764000000,8219000000,7912000000,8113000000,8884000000,9257000000,10397000000,11518000000,12703000000
total_liabilities,0,0,0,1432000000,1587000000,1619000000,1864000000,3348000000,3339000000,3375000000,1885000000,2425000000,2291000000,2423000000,2950000000,3870000000,4506000000,4678000000,5049000000,5189000000,4925000000,5356000000,5559000000,5767000000,6526000000,7362000000,7790000000,10177000000,11325000000,10909000000,12110000000,13207000000,22961000000,28244000000,30419000000,32322000000,33067000000,29244000000,28706000000,31026000000,29866000000,32382000000,36225000000,41108000000,40990000000,44012000000,54800000000,60014000000,59696000000,72655000000,73401000000,76455000000,73315000000,73475000000,91879000000,93417000000
common_stock,0,0,0,0,0,0,0,0,0,0,0,0,0,0,0,0,0,0,0,0,0,0,0,0,0,0,0,0,0,0,0,0,0,0,0,0,0,0,0,0,0,0,0,0,0,0,0,0,0,0,0,0,0,0,0,0
preferred_stock,0,0,0,615000000,0,0,0,0,0,0,0,0,0,0,0,0,0,0,0,0,0,0,0,0,0,0,0,0,0,0,0,0,0,0,0,0,0,0,0,0,0,0,0,0,0,0,0,0,0,0,0,0,0,0,0,0
retained_earnings,0,0,0,1606000000,1171000000,1654000000,1595000000,1659000000,1878000000,2211000000,2636000000,3159000000,3801000000,4592000000,5398000000,6099000000,6611000000,7330000000,8226000000,9787000000,11297000000,13352000000,15731000000,21670000000,24175000000,27560000000,31209000000,33990000000,36780000000,38237000000,38767000000,41981000000,43764000000,44968000000,49789000000,55692000000,59160000000,62784000000,68513000000,77345000000,82343000000,85097000000,79233000000,69761000000,67712000000,69249000000,67056000000,64799000000,61241000000,67980000000,75205000000,82070000000,76793000000,81188000000,84972000000,102506000000
aoci,0,0,0,-6000000,-7000000,-29000000,-6000000,2000000,-15000000,-29000000,13000000,14000000,15000000,-5000000,-109000000,-228000000,-447000000,-357000000,-380000000,-455000000,-276000000,-374000000,-372000000,-703000000,-626000000,-370000000,-200000000,-227000000,-294000000,-687000000,-777000000,-760000000,-781000000,-483000000,-849000000,-489000000,-544000000,-142000000,308000000,927000000,154000000,285000000,-207000000,-693000000,-1996000000,-3411000000,-5054000000,-3530000000,-2981000000,-3106000000,-3556000000,-2155000000,-2655000000,-2695000000,-1192000000,-3097000000
apic,0,0,0,2684000000,4433000000,11684000000,12585000000,10094000000,9961000000,10167000000,10399000000,12297000000,12921000000,13759000000,15949000000,30225000000,31337000000,32479000000,33574000000,34886000000,36129000000,37405000000,38756000000,38227000000,38639000000,39291000000,40199000000,40584000000,41134000000,41832000000,42352000000,42906000000,43533000000,44277000000,45059000000,45851000000,46688000000,47805000000,48910000000,50018000000,51160000000,52845000000,54334000000,55811000000,57512000000,59929000000,62092000000,64444000000,66535000000,69159000000,71224000000,73253000000,75391000000,78270000000,80749000000,83228000000
treasury_stock,0,0,0,0,0,0,0,0,0,0,0,0,0,0,0,0,0,0,0,0,0,0,0,0,0,0,0,0,0,0,0,0,0,0,0,0,0,0,0,0,0,0,0,0,0,0,0,0,0,0,0,0,0,0,0,0
other_equity,0,0,0,0,0,0,0,0,0,0,0,0,0,0,0,0,0,0,0,0,0,0,0,0,0,0,0,0,0,0,0,0,0,0,0,0,0,0,0,0,0,0,0,0,0,0,0,0,0,0,0,0,0,0,0,0
total_shareholders_equity,0,0,0,4899000000,5597000000,13309000000,14174000000,11755000000,11824000000,12349000000,13048000000,15470000000,16737000000,18346000000,21238000000,36096000000,37501000000,39452000000,41420000000,44218000000,47150000000,50383000000,54115000000,59194000000,62188000000,66481000000,71208000000,74347000000,77620000000,79382000000,80342000000,84127000000,86516000000,88762000000,93999000000,101054000000,105304000000,110447000000,117731000000,128290000000,133657000000,138227000000,133360000000,124879000000,123228000000,125767000000,124094000000,125713000000,124795000000,134033000000,142873000000,153168000000,149529000000,156763000000,164529000000,182637000000
minority_interest_liability,0,0,0,0,0,0,0,0,0,0,0,0,0,0,0,0,0,0,0,0,0,0,0,0,0,0,0,0,0,0,0,0,0,0,0,0,0,0,0,0,0,0,0,0,0,0,0,0,0,0,0,0,0,0,0,0
total_equity,0,0,0,4899000000,5597000000,13309000000,14174000000,11755000000,11824000000,12349000000,13048000000,15470000000,16737000000,18346000000,21238000000,36096000000,37501000000,39452000000,41420000000,44218000000,47150000000,50383000000,54115000000,59194000000,62188000000,66481000000,71208000000,74347000000,77620000000,79382000000,80342000000,84127000000,86516000000,88762000000,93999000000,101054000000,105304000000,110447000000,117731000000,128290000000,133657000000,138227000000,133360000000,124879000000,123228000000,125767000000,124094000000,125713000000,124795000000,134033000000,142873000000,153168000000,149529000000,156763000000,164529000000,182637000000
total_liabilities_and_equity,0,0,0,6331000000,7184000000,14928000000,16038000000,15103000000,15163000000,15724000000,14933000000,17895000000,19028000000,20769000000,24188000000,39966000000,42007000000,44130000000,46469000000,49407000000,52075000000,55739000000,59674000000,64961000000,68714000000,73843000000,78998000000,84524000000,88945000000,90291000000,92452000000,97334000000,109477000000,117006000000,124418000000,133376000000,138371000000,139691000000,146437000000,159316000000,163523000000,170609000000,169585000000,165987000000,164218000000,169779000000,178894000000,185727000000,184491000000,206688000000,216274000000,229623000000,222844000000,230238000000,256408000000,276054000000
total_noncurrent_assets,0,0,0,1727000000,2165000000,2961000000,3753000000,3836000000,4121000000,4303000000,4384000000,4825000000,4968000000,5212000000,8073000000,26576000000,27003000000,27179000000,27330000000,27755000000,28263000000,28729000000,29346000000,30560000000,31784000000,33039000000,34795000000,35961000000,38533000000,40458000000,43305000000,46854000000,56177000000,59045000000,62339000000,67151000000,69022000000,71561000000,80638000000,83646000000,86201000000,89912000000,94164000000,99321000000,104953000000,113792000000,120579000000,126178000000,132008000000,137128000000,137896000000,144258000000,147514000000,153807000000,165341000000,176009000000
total_noncurrent_liabilities,0,0,0,533000000,548000000,585000000,784000000,2296000000,2276000000,2295000000,901000000,1325000000,1254000000,1209000000,1716000000,2446000000,2760000000,2797000000,3257000000,3264000000,3116000000,3145000000,2964000000,2892000000,3598000000,4047000000,4485000000,6417000000,6239000000,6239000000,6648000000,6190000000,13053000000,15265000000,17091000000,17269000000,17998000000,17936000000,16762000000,16045000000,17149000000,17508000000,18413000000,19973000000,19904000000,21795000000,32113000000,32988000000,34315000000,42734000000,42870000000,44495000000,45214000000,46471000000,58549000000,59821000000
working_capital,0,0,0,3705000000,3980000000,10933000000,11205000000,10215000000,9979000000,10341000000,9565000000,11970000000,13023000000,14343000000,14881000000,11966000000,13258000000,15070000000,17347000000,19727000000,22003000000,24799000000,27733000000,31526000000,34002000000,37489000000,40898000000,44803000000,45326000000,45163000000,43685000000,43463000000,43392000000,44982000000,48751000000,51172000000,54280000000,56822000000,53855000000,60689000000,64605000000,65823000000,57609000000,45531000000,38179000000,33770000000,35628000000,32523000000,27102000000,39639000000,47847000000,53405000000,47229000000,49427000000,57737000000,66449000000
cfo_net_income,233000000,240000000,227000000,302000000,205000000,-157000000,-59000000,64000000,219000000,333000000,425000000,523000000,642000000,791000000,806000000,701000000,512000000,719000000,896000000,1561000000,1738000000,2283000000,2627000000,3569000000,3064000000,3895000000,4706000000,4269000000,4988000000,5105000000,5137000000,6882000000,2429000000,2616000000,6091000000,7349000000,4902000000,5179000000,7846000000,11219000000,9497000000,10395000000,9193000000,10285000000,7465000000,6687000000,4395000000,4653000000,5709000000,7789000000,11583000000,14017000000,12369000000,13465000000,15688000000,20838000000
cfo_da,51000000,72000000,97000000,103000000,110000000,139000000,176000000,224000000,233000000,230000000,274000000,274000000,264000000,257000000,289000000,433000000,457000000,459000000,486000000,543000000,552000000,585000000,591000000,614000000,671000000,729000000,772000000,853000000,949000000,1034000000,1107000000,1225000000,1355000000,1502000000,1416000000,1468000000,1597000000,1704000000,1698000000,1863000000,1972000000,1986000000,1995000000,2014000000,2156000000,1979000000,2175000000,2376000000,2524000000,2623000000,2859000000,3172000000,3374000000,3637000000,4027000000,4460000000
cfo_receivables,27000000,-55000000,-44000000,-102000000,65000000,-672000000,-50000000,487000000,54000000,-116000000,-83000000,-233000000,105000000,-187000000,-182000000,-346000000,84000000,-282000000,-207000000,-568000000,267000000,-492000000,-253000000,-1011000000,609000000,-386000000,-458000000,-1374000000,788000000,-627000000,-489000000,-1564000000,1070000000,-1006000000,-328000000,-1697000000,2046000000,-122000000,-377000000,-3059000000,849000000,-1366000000,-555000000,-2038000000,2557000000,-522000000,-105000000,-1699000000,2546000000,-1424000000,-678000000,-2843000000,2520000000,-1170000000,143000000,-2978000000
cfo_inventory,0,0,0,0,0,0,0,0,0,0,0,0,0,0,0,0,0,0,0,0,0,0,0,0,0,0,0,0,0,0,0,0,0,0,0,0,0,0,0,0,0,0,0,0,0,0,0,0,0,0,0,0,0,0,0,0
cfo_prepaid_expenses,-26000000,-200000000,113000000,89000000,-33000000,26000000,31000000,-489000000,-1000000,429000000,5000000,-78000000,-4000000,14000000,-55000000,-78000000,-43000000,-47000000,-55000000,1000000,-107000000,-150000000,-57000000,155000000,-365000000,-212000000,-57000000,442000000,-365000000,-533000000,9000000,199000000,84000000,-252000000,-359000000,574000000,-29000000,-324000000,264000000,224000000,-461000000,-1852000000,-253000000,816000000,573000000,-435000000,-831000000,855000000,821000000,-54000000,-908000000,700000000,100000000,-84000000,-184000000,-530000000
cfo_other_working_capital,52000000,19000000,117000000,45000000,14000000,142000000,25000000,-45000000,37000000,132000000,27000000,503000000,12000000,209000000,39000000,211000000,213000000,333000000,692000000,663000000,345000000,717000000,323000000,1021000000,291000000,269000000,242000000,2886000000,584000000,22000000,665000000,-216000000,3171000000,4444000000,1034000000,515000000,667000000,-4511000000,175000000,2323000000,-1797000000,1328000000,2191000000,3838000000,-389000000,1400000000,1504000000,2775000000,-796000000,5009000000,591000000,872000000,-2397000000,513000000,2111000000,3004000000
cfo_change_in_working_capital,53000000,-236000000,186000000,32000000,46000000,-504000000,6000000,-47000000,90000000,445000000,-51000000,192000000,113000000,36000000,-198000000,-213000000,254000000,4000000,430000000,96000000,505000000,75000000,13000000,165000000,535000000,-329000000,-273000000,1954000000,1007000000,-1138000000,185000000,-1581000000,4325000000,3186000000,347000000,-608000000,2684000000,-4957000000,62000000,-512000000,-1409000000,-1890000000,1383000000,2616000000,2741000000,443000000,568000000,1931000000,2571000000,3531000000,-995000000,-1271000000,223000000,-741000000,2070000000,-504000000
cfo_deferred_tax,69000000,272000000,35000000,-406000000,-24000000,-350000000,-60000000,248000000,-7000000,26000000,2000000,-58000000,-1000000,-33000000,4000000,-180000000,-223000000,-66000000,-383000000,-123000000,-77000000,-101000000,-23000000,-256000000,-84000000,26000000,-94000000,-225000000,-47000000,101000000,29000000,203000000,183000000,1000000,174000000,-395000000,477000000,213000000,-1506000000,-376000000,418000000,229000000,-786000000,748000000,-563000000,-453000000,-1097000000,-1173000000,-620000000,-1137000000,3049000000,-1161000000,-456000000,-1642000000,-1308000000,-1332000000
cfo_stock_comp,7000000,64000000,70000000,76000000,103000000,1106000000,179000000,184000000,170000000,224000000,239000000,273000000,274000000,314000000,353000000,845000000,694000000,763000000,757000000,746000000,746000000,817000000,824000000,831000000,867000000,1032000000,1010000000,814000000,955000000,1186000000,1039000000,972000000,1010000000,1303000000,1249000000,1274000000,1335000000,1695000000,1722000000,1784000000,1830000000,2549000000,2378000000,2407000000,2498000000,3352000000,3134000000,3008000000,3051000000,4060000000,3492000000,3424000000,3562000000,4616000000,4250000000,4262000000
cfo_other_noncash_items,-68000000,-283000000,-50000000,403000000,1000000,6000000,8000000,8000000,14000000,64000000,61000000,27000000,-7000000,-24000000,-6000000,1866000000,6000000,1000000,6000000,1725000000,13000000,6000000,4000000,7000000,5000000,7000000,6000000,6000000,8000000,10000000,1000000,-83000000,6000000,8000000,30000000,-5000000,6000000,43000000,7000000,62000000,-66000000,-22000000,-73000000,34000000,-221000000,188000000,517000000,3716000000,763000000,443000000,414000000,1223000000,174000000,35000000,-3000000,264000000
cf_cfo,345000000,129000000,565000000,510000000,441000000,240000000,250000000,681000000,719000000,1322000000,950000000,1231000000,1285000000,1341000000,1248000000,3452000000,1700000000,1880000000,2192000000,4548000000,3477000000,3665000000,4036000000,4930000000,5058000000,5360000000,6127000000,7671000000,7860000000,6298000000,7498000000,7618000000,9308000000,8616000000,9307000000,9083000000,11001000000,3877000000,9829000000,14040000000,12242000000,13247000000,14090000000,18104000000,14076000000,12196000000,9692000000,14511000000,13998000000,17309000000,20402000000,19404000000,19246000000,19370000000,24724000000,27988000000
cfi_ppe_purchases,-153000000,-132000000,-136000000,-185000000,-453000000,-413000000,-171000000,-198000000,-327000000,-268000000,-284000000,-483000000,-363000000,-469000000,-482000000,-517000000,-502000000,-549000000,-780000000,-692000000,-1132000000,-995000000,-1095000000,-1269000000,-1271000000,-1444000000,-1755000000,-2263000000,-2812000000,-3460000000,-3342000000,-4301000000,-3837000000,-3633000000,-3532000000,-4100000000,-3558000000,-3255000000,-3689000000,-4661000000,-4303000000,-4641000000,-4346000000,-5400000000,-5441000000,-7572000000,-9375000000,-8798000000,-6823000000,-6134000000,-6496000000,-7592000000,-6400000000,-8173000000,-8258000000,-14425000000
cfi_ppe_sales,0,0,0,0,0,0,0,0,0,0,0,0,0,0,0,0,0,0,0,0,0,0,0,0,0,0,0,0,0,0,0,0,0,0,0,0,0,0,0,0,31000000,29000000,32000000,31000000,126000000,44000000,20000000,55000000,19000000,82000000,47000000,73000000,0,0,0,0
cfi_ppe_net,-153000000,-132000000,-136000000,-185000000,-453000000,-413000000,-171000000,-198000000,-327000000,-268000000,-284000000,-483000000,-363000000,-469000000,-482000000,-517000000,-502000000,-549000000,-780000000,-692000000,-1132000000,-995000000,-1095000000,-1269000000,-1271000000,-1444000000,-1755000000,-2263000000,-2812000000,-3460000000,-3342000000,-4301000000,-3837000000,-3633000000,-3532000000,-4100000000,-3558000000,-3255000000,-3689000000,-4661000000,-4272000000,-4612000000,-4314000000,-5369000000,-5315000000,-7528000000,-9355000000,-8743000000,-6804000000,-6052000000,-6449000000,-7519000000,-6400000000,-8173000000,-8258000000,-14425000000
cfi_acquisitions,-1000000,-3000000,-1000000,-19000000,-25000000,-550000000,-336000000,0,-99000000,-122000000,-16000000,-131000000,0,-19000000,-735000000,-4221000000,-257000000,-25000000,-27000000,-4000000,-1000000,-19000000,-61000000,-42000000,0,-8000000,-98000000,-16000000,0,0,0,0,-50000000,-3000000,-10000000,-445000000,0,0,0,0,0,-259000000,-71000000,-521000000,-853000000,-363000000,-34000000,-62000000,-444000000,-83000000,-38000000,-64000000,-72000000,-57000000,-132000000,-9000000
cfi_divestitures,0,0,0,0,0,0,0,0,0,0,0,0,0,0,0,0,0,0,0,0,0,0,0,0,0,0,0,0,0,0,0,0,0,0,0,0,0,0,0,0,0,0,0,0,0,0,0,0,0,0,0,0,0,0,0,0
cfi_acquisitions_net,-1000000,-3000000,-1000000,-19000000,-25000000,-550000000,-336000000,0,-99000000,-122000000,-16000000,-131000000,0,-19000000,-735000000,-4221000000,-257000000,-25000000,-27000000,-4000000,-1000000,-19000000,-61000000,-42000000,0,-8000000,-98000000,-16000000,0,0,0,0,-50000000,-3000000,-10000000,-445000000,0,0,0,0,0,-259000000,-71000000,-521000000,-853000000,-363000000,-34000000,-62000000,-444000000,-83000000,-38000000,-64000000,-72000000,-57000000,-132000000,-9000000
cfi_investment_purchases,0,-1893000000,-851000000,-284000000,-877000000,-6083000000,-1633000000,-1714000000,-1508000000,-1952000000,-904000000,-3069000000,-2974000000,-1508000000,-1733000000,-2889000000,-3055000000,-2505000000,-4773000000,-5605000000,-3126000000,-6509000000,-7733000000,-4973000000,-6992000000,-7145000000,-6273000000,-5272000000,-4022000000,-4261000000,-4375000000,-2023000000,-6603000000,-5152000000,-7458000000,-4758000000,-7884000000,-6179000000,-20432000000,-5796000000,-6231000000,-10297000000,-7786000000,-6093000000,-4068000000,-2220000000,-2597000000,-741000000,-85000000,-718000000,-1007000000,-1172000000,-6887000000,-3289000000,-4468000000,-10898000000
cfi_investment_sales,0,0,0,0,636000000,598000000,1750000000,2449000000,1602000000,1847000000,1938000000,1164000000,1466000000,1576000000,6059000000,1246000000,947000000,2494000000,2247000000,3550000000,2550000000,2511000000,5764000000,4330000000,2361000000,3135000000,4381000000,2555000000,5597000000,5353000000,3545000000,2635000000,3722000000,4839000000,5889000000,5267000000,7408000000,5841000000,7255000000,5267000000,5631000000,7033000000,11985000000,17937000000,5467000000,3159000000,2269000000,2263000000,534000000,1817000000,1474000000,2359000000,4625000000,3233000000,4114000000,3817000000
cfi_investment_net,0,-1893000000,-851000000,-284000000,-241000000,-5485000000,117000000,735000000,94000000,-105000000,1034000000,-1905000000,-1508000000,68000000,4326000000,-1643000000,-2108000000,-11000000,-2526000000,-2055000000,-576000000,-3998000000,-1969000000,-643000000,-4631000000,-4010000000,-1892000000,-2717000000,1575000000,1092000000,-830000000,612000000,-2881000000,-313000000,-1569000000,509000000,-476000000,-338000000,-13177000000,-529000000,-600000000,-3264000000,4199000000,11844000000,1399000000,939000000,-328000000,1522000000,449000000,1099000000,467000000,1187000000,-2262000000,-56000000,-354000000,-7081000000
cfi_intangibles_net,0,0,0,0,0,0,0,0,0,0,0,0,0,0,0,0,0,0,0,0,0,0,0,0,0,0,0,0,0,0,0,0,0,0,0,0,0,0,0,0,0,0,0,0,0,0,0,0,0,0,0,0,0,0,0,0
cfi_other,1000000,-4000000,193000000,445000000,-1000000,-2000000,1000000,-2000000,6000000,-3000000,0,-15000000,-1000000,-2000000,-112000000,-235000000,23000000,21000000,33000000,25000000,33000000,41000000,8000000,-74000000,-18000000,-4000000,16000000,-7000000,-50000000,-16000000,-75000000,4000000,0,-61000000,61000000,0,-75000000,-585000000,267000000,17000000,-2000000,-60000000,-144000000,-125000000,-10000000,-7000000,16000000,-248000000,56000000,-167000000,-57000000,-76000000,0,-12000000,124000000,17000000
cf_cfi,-153000000,-2032000000,-795000000,-43000000,-720000000,-6450000000,-389000000,535000000,-326000000,-498000000,734000000,-2534000000,-1872000000,-422000000,2997000000,-6616000000,-2844000000,-564000000,-3300000000,-2726000000,-1676000000,-4971000000,-3117000000,-2028000000,-5920000000,-5466000000,-3729000000,-5003000000,-1287000000,-2384000000,-4247000000,-3685000000,-6768000000,-4010000000,-5050000000,-4036000000,-4109000000,-4178000000,-16599000000,-5173000000,-4874000000,-8195000000,-330000000,5829000000,-4779000000,-6959000000,-9701000000,-7531000000,-6743000000,-5203000000,-6077000000,-6472000000,-8734000000,-8298000000,-8620000000,-21498000000
cff_common_stock_issued,998000000,0,0,0,0,0,0,0,0,0,0,0,0,0,0,0,0,0,0,0,0,0,0,0,0,0,0,0,0,0,0,0,0,0,0,0,0,0,0,0,0,0,0,0,0,0,0,0,0,0,0,0,0,0,0,0
cff_common_stock_repurchased,0,0,0,0,0,0,0,0,0,0,0,0,0,0,0,0,0,0,0,0,0,0,0,0,-228000000,-150000000,-640000000,-958000000,-1774000000,-3349000000,-4256000000,-3500000000,-613000000,-1145000000,-1148000000,-1296000000,-1250000000,-1368000000,-1725000000,-1929000000,-3939000000,-7079000000,-13458000000,-20061000000,-9506000000,-5233000000,-6354000000,-6863000000,-9365000000,-898000000,-3569000000,-5942000000,-15008000000,-6299000000,-8818000000,0
cff_common_stock_net,998000000,0,0,0,0,0,0,0,0,0,0,0,0,0,0,0,0,0,0,0,0,0,0,0,-228000000,-150000000,-640000000,-958000000,-1774000000,-3349000000,-4256000000,-3500000000,-613000000,-1145000000,-1148000000,-1296000000,-1250000000,-1368000000,-1725000000,-1929000000,-3939000000,-7079000000,-13458000000,-20061000000,-9506000000,-5233000000,-6354000000,-6863000000,-9365000000,-898000000,-3569000000,-5942000000,-15008000000,-6299000000,-8818000000,0
cff_pfd_net,0,0,0,0,0,0,0,0,0,0,0,0,0,0,0,0,0,0,0,0,0,0,0,0,0,0,0,0,0,0,0,0,0,0,0,0,0,0,0,0,0,0,0,0,0,0,0,0,0,0,0,0,0,0,0,0
cff_debt_net,-279000000,-53000000,-46000000,117000000,-9000000,-52000000,35000000,1361000000,-109000000,-91000000,-1591000000,-100000000,-84000000,-66000000,-49000000,-44000000,-47000000,-37000000,-23000000,-12000000,-312000000,0,0,0,0,0,0,0,0,0,0,500000000,-302000000,-84000000,-285000000,-104000000,-180000000,-46000000,-196000000,-182000000,-201000000,-70000000,-219000000,-187000000,-233000000,-219000000,9758000000,-235000000,-264000000,8235000000,-267000000,-307000000,-315000000,-299000000,9488000000,-411000000
cff_dividend_paid,0,0,0,0,0,0,0,0,0,0,0,0,0,0,0,0,0,0,0,0,0,0,0,0,0,0,0,0,0,0,0,0,0,0,0,0,0,0,0,0,0,0,0,0,0,0,0,0,0,0,0,0,-1273000000,-1266000000,-1263000000,-1270000000
cff_other,79000000,308000000,60000000,14000000,59000000,7092000000,472000000,-2675000000,-335000000,-58000000,-8000000,1625000000,346000000,536000000,487000000,-1424000000,418000000,379000000,338000000,-1155000000,2000000,4000000,-8000000,4000000,-764000000,-719000000,-891000000,-885000000,-829000000,-922000000,-901000000,-541000000,-508000000,-602000000,-586000000,-626000000,-592000000,-738000000,-990000000,-1096000000,-1045000000,-1400000000,-1575000000,-1494000000,-921000000,-1111000000,-1257000000,38000000,-887000000,-2045000000,-2039000000,-2152000000,-3171000000,-3314000000,-3778000000,-3784000000
cf_cff,798000000,255000000,14000000,131000000,50000000,7040000000,507000000,-1314000000,-444000000,-149000000,-1599000000,1525000000,262000000,470000000,438000000,-1468000000,371000000,342000000,315000000,-1167000000,-310000000,4000000,-8000000,4000000,-992000000,-869000000,-1531000000,-1843000000,-2603000000,-4271000000,-5157000000,-3541000000,-1423000000,-1831000000,-2019000000,-2026000000,-2022000000,-2152000000,-2911000000,-3207000000,-5185000000,-8549000000,-15252000000,-21742000000,-10660000000,-6563000000,2147000000,-7060000000,-10516000000,5292000000,-5875000000,-8401000000,-19767000000,-11178000000,-4371000000,-5465000000
cf_forex,1000000,3000000,-9000000,8000000,-1000000,-14000000,12000000,4000000,-8000000,1000000,14000000,1000000,0,-3000000,-68000000,-52000000,-123000000,46000000,-22000000,-56000000,58000000,-46000000,19000000,-94000000,28000000,94000000,70000000,40000000,36000000,-185000000,-18000000,-12000000,-44000000,26000000,-156000000,178000000,-222000000,95000000,91000000,315000000,-246000000,117000000,-215000000,-130000000,-149000000,-549000000,-365000000,425000000,85000000,-14000000,-354000000,396000000,-288000000,-152000000,368000000,-714000000
cf_net_change_in_cash,991000000,-1645000000,-225000000,606000000,-230000000,816000000,380000000,-94000000,-59000000,676000000,99000000,223000000,-325000000,1386000000,4615000000,-4684000000,-896000000,1704000000,-815000000,599000000,1549000000,-1348000000,930000000,2812000000,-1826000000,-881000000,937000000,865000000,4006000000,-542000000,-1924000000,380000000,1073000000,2801000000,2082000000,3199000000,4648000000,-2358000000,-9590000000,5975000000,1937000000,-3380000000,-1707000000,2061000000,-1512000000,-1875000000,1773000000,345000000,-3176000000,17384000000,8096000000,4927000000,-9543000000,-258000000,12101000000,311000000
capex,-153000000,-132000000,-136000000,-185000000,-453000000,-413000000,-171000000,-198000000,-327000000,-268000000,-284000000,-483000000,-363000000,-469000000,-482000000,-517000000,-502000000,-549000000,-780000000,-692000000,-1132000000,-995000000,-1095000000,-1269000000,-1271000000,-1444000000,-1755000000,-2263000000,-2812000000,-3460000000,-3342000000,-4301000000,-3837000000,-3633000000,-3532000000,-4100000000,-3558000000,-3255000000,-3689000000,-4661000000,-4272000000,-4612000000,-4314000000,-5369000000,-5315000000,-7528000000,-9355000000,-8743000000,-6804000000,-6052000000,-6449000000,-7519000000,-6400000000,-8173000000,-8258000000,-14425000000
cff_pfd_issued,0,0,0,0,0,0,0,0,0,0,0,0,0,0,0,0,0,0,0,0,0,0,0,0,0,0,0,0,0,0,0,0,0,0,0,0,0,0,0,0,0,0,0,0,0,0,0,0,0,0,0,0,0,0,0,0
cff_pfd_repurchased,0,0,0,0,0,0,0,0,0,0,0,0,0,0,0,0,0,0,0,0,0,0,0,0,0,0,0,0,0,0,0,0,0,0,0,0,0,0,0,0,0,0,0,0,0,0,0,0,0,0,0,0,0,0,0,0
cff_debt_issued,0,0,0,170000000,62000000,20000000,123000000,1496000000,0,0,0,0,0,0,0,0,0,0,0,0,0,0,0,0,0,0,0,0,0,0,0,500000000,0,58000000,0,37000000,0,63000000,0,24000000,0,53000000,12000000,0,0,0,9921000000,0,0,8455000000,0,0,0,0,10432000000,0
cff_debt_repaid,-279000000,-53000000,-46000000,-53000000,-71000000,-72000000,-88000000,-135000000,-109000000,-91000000,-1591000000,-100000000,-84000000,-66000000,-49000000,-44000000,-47000000,-37000000,-23000000,-12000000,-312000000,0,0,0,0,0,0,0,0,0,0,0,-302000000,-142000000,-285000000,-141000000,-180000000,-109000000,-196000000,-206000000,-201000000,-123000000,-231000000,-187000000,-233000000,-219000000,-163000000,-235000000,-264000000,-220000000,-267000000,-307000000,-315000000,-299000000,-944000000,-411000000
ebitda,439000000,479000000,511000000,650000000,491000000,-604000000,553000000,747000000,606000000,792000000,1010000000,1406000000,1339000000,1647000000,1686000000,1566000000,1390000000,1732000000,1945000000,3103000000,2562000000,3319000000,3708000000,5181000000,3998000000,5130000000,5894000000,8205000000,6398000000,6897000000,6888000000,9045000000,7672000000,8128000000,8601000000,10326000000,7490000000,7667000000,9738000000,14638000000,13350000000,14353000000,12418000000,14599000000,10680000000,10337000000,7839000000,8775000000,9751000000,12015000000,16607000000,19556000000,17192000000,18484000000,21377000000,27824000000
fcf,192000000,-3000000,429000000,325000000,-12000000,-173000000,79000000,483000000,392000000,1054000000,666000000,748000000,922000000,872000000,766000000,2935000000,1198000000,1331000000,1412000000,3856000000,2345000000,2670000000,2941000000,3661000000,3787000000,3916000000,4372000000,5408000000,5048000000,2838000000,4156000000,3317000000,5471000000,4983000000,5775000000,4983000000,7443000000,622000000,6140000000,9379000000,7970000000,8635000000,9776000000,12735000000,8761000000,4668000000,337000000,5768000000,7194000000,11257000000,13953000000,11885000000,12846000000,11197000000,16466000000,13563000000
income_tax_rate,0.4145,0.3984,0.401,0.4181,0.4633,0.0,1.1586,0.8732,0.3796,0.3889,0.4146,0.5371,0.4027,0.4292,0.3967,0.3707,0.4506,0.4351,0.3743,0.3895,0.1587,0.171,0.1697,0.2126,0.1009,0.1323,0.101,0.4279,0.1108,0.1298,0.131,0.1366,0.3024,0.4586,0.1689,0.1984,0.1636,0.1554,0.0352,0.1406,0.1743,0.1693,0.1297,0.1903,0.1619,0.1831,0.2118,0.2432,0.2186,0.1619,0.1738,0.166,0.1278,0.1086,0.1197,0.1152
nopat,291000000,305250000,310500000,410250000,285750000,-557250000,282750000,392250000,279750000,421500000,552000000,849000000,806250000,1042500000,1047750000,849750000,699750000,954750000,1094250000,1920000000,1507500000,2050500000,2337750000,3425250000,2495250000,3300750000,3841500000,5514000000,4086750000,4397250000,4335750000,5865000000,4737750000,4969500000,5388750000,6643500000,4419750000,4472250000,6030000000,9581250000,8533500000,9275250000,7817250000,9438750000,6393000000,6268500000,4248000000,4799250000,5420250000,7044000000,10311000000,12288000000,10363500000,11135250000,13012500000,17523000000
book_value,0,0,0,4284000000,5597000000,13309000000,14174000000,11755000000,11824000000,12349000000,13048000000,15470000000,16737000000,18346000000,21238000000,36096000000,37501000000,39452000000,41420000000,44218000000,47150000000,50383000000,54115000000,59194000000,62188000000,66481000000,71208000000,74347000000,77620000000,79382000000,80342000000,84127000000,86516000000,88762000000,93999000000,101054000000,105304000000,110447000000,117731000000,128290000000,133657000000,138227000000,133360000000,124879000000,123228000000,125767000000,124094000000,125713000000,124795000000,134033000000,142873000000,153168000000,149529000000,156763000000,164529000000,182637000000
tangible_book_value,0,0,0,4122000000,5408000000,12500000000,12751000000,10367000000,10323000000,10718000000,11439000000,13748000000,15055000000,16674000000,17309000000,14186000000,15722000000,17822000000,19959000000,22946000000,26054000000,29461000000,33328000000,38537000000,41702000000,46166000000,50945000000,54242000000,57617000000,59546000000,60587000000,64532000000,67033000000,69434000000,74808000000,81445000000,85655000000,90559000000,97956000000,108617000000,114096000000,118494000000,113930000000,105048000000,102395000000,104573000000,102951000000,104510000000,103197000000,112518000000,121392000000,131726000000,128875000000,136109000000,143875000000,161068000000
roa,0.6234,0.0,0.0,0.3165,0.1441,0.0521,0.0187,0.0034,0.0044,0.036,0.0679,0.0913,0.1041,0.1196,0.1228,0.0916,0.0685,0.0635,0.0624,0.0769,0.0968,0.1201,0.1422,0.1639,0.1727,0.1845,0.1993,0.1948,0.2058,0.2127,0.2134,0.233,0.1891,0.1506,0.1492,0.1434,0.1542,0.1691,0.1766,0.1906,0.209,0.2331,0.2369,0.2346,0.2261,0.2013,0.1653,0.1272,0.1158,0.1152,0.1405,0.1753,0.2022,0.227,0.2282,0.2342
roe,0.8621,0.0,0.0,0.409,0.1855,0.061,0.0211,0.004,0.0056,0.046,0.0819,0.1051,0.1194,0.1357,0.1395,0.1025,0.0763,0.0711,0.0699,0.0861,0.1075,0.1328,0.1571,0.1803,0.1901,0.2044,0.2212,0.2189,0.235,0.2429,0.2441,0.2689,0.2291,0.1947,0.1971,0.1895,0.2031,0.218,0.2215,0.2369,0.2576,0.2865,0.2968,0.3049,0.3009,0.2701,0.2307,0.1857,0.1712,0.1742,0.2147,0.2641,0.3023,0.3358,0.3457,0.3592
roic,0.737,0.0,0.0,0.3783,0.1724,0.0585,0.0204,0.0037,0.0048,0.0398,0.0756,0.1032,0.1178,0.1344,0.1385,0.1021,0.0761,0.0709,0.0697,0.0857,0.1072,0.1328,0.1571,0.1803,0.1901,0.2044,0.2212,0.2189,0.235,0.2429,0.2441,0.268,0.22,0.1806,0.1817,0.1736,0.1859,0.2002,0.2042,0.2197,0.2391,0.2655,0.274,0.2786,0.2727,0.2431,0.1993,0.1548,0.142,0.141,0.1716,0.2134,0.2445,0.2719,0.2746,0.2826
roic_legacy,2.5053,0.0,0.0,0.5294,0.229,0.0706,0.0244,0.0044,0.0058,0.0492,0.0971,0.1326,0.1461,0.1697,0.2085,0.1328,0.085,0.0797,0.0789,0.0959,0.1223,0.1507,0.1758,0.2077,0.219,0.2281,0.2452,0.2446,0.2709,0.2859,0.2815,0.3043,0.2497,0.208,0.214,0.2078,0.2294,0.2472,0.2353,0.2468,0.2753,0.3023,0.306,0.3131,0.3082,0.27,0.2198,0.1714,0.1556,0.1613,0.2117,0.2718,0.3049,0.3276,0.3381,0.3527
roic_nopat,0.9205,0.0,0.0,0.4972,0.2322,0.0455,0.0296,0.0283,0.0289,0.0985,0.1195,0.1447,0.1611,0.1834,0.1879,0.1301,0.0985,0.092,0.0887,0.1085,0.1194,0.1347,0.1495,0.1645,0.1698,0.1796,0.1897,0.2081,0.2203,0.2272,0.2295,0.2265,0.2176,0.2107,0.2114,0.2041,0.19,0.1781,0.1743,0.1847,0.2028,0.2278,0.2394,0.2482,0.2405,0.2162,0.1821,0.1448,0.1374,0.1345,0.1591,0.1913,0.2137,0.2331,0.2314,0.2358
roce,1.1933,0.0,0.0,0.6465,0.3021,0.0597,0.0389,0.037,0.0376,0.1276,0.1534,0.1823,0.2015,0.2308,0.2349,0.1624,0.1231,0.1147,0.1103,0.1347,0.149,0.1688,0.1884,0.2085,0.2149,0.2261,0.2382,0.2582,0.2712,0.2806,0.2832,0.2802,0.2708,0.2607,0.2598,0.2526,0.2364,0.2216,0.2187,0.2343,0.2585,0.2907,0.3053,0.3152,0.3048,0.2744,0.2313,0.1838,0.1739,0.1707,0.2028,0.2438,0.2718,0.2954,0.2927,0.298
rotce,1.2391,0.0,0.0,0.6664,0.3115,0.0629,0.0422,0.041,0.0419,0.1432,0.173,0.2045,0.2233,0.2534,0.2706,0.2801,0.2764,0.2422,0.2189,0.2508,0.2627,0.2837,0.3025,0.3198,0.3169,0.3227,0.3297,0.348,0.3585,0.3669,0.3675,0.3598,0.3407,0.3221,0.3165,0.3041,0.2822,0.263,0.2576,0.2729,0.2982,0.3334,0.3498,0.3633,0.3549,0.3208,0.2687,0.2123,0.201,0.1959,0.2301,0.2746,0.3045,0.3297,0.3241,0.3277
gross_margin,0.7715,0.7653,0.7526,0.7816,0.7381,0.69,0.7448,0.7495,0.7167,0.7435,0.7485,0.8101,0.8153,0.8374,0.8236,0.8306,0.8154,0.8347,0.84,0.8589,0.8442,0.8575,0.8592,0.8811,0.8557,0.8672,0.8597,0.8758,0.8389,0.8326,0.8238,0.8346,0.8132,0.8041,0.8212,0.8344,0.8049,0.795,0.8046,0.8144,0.8039,0.8143,0.801,0.8114,0.7848,0.8198,0.7937,0.7408,0.7867,0.8142,0.8181,0.8081,0.8178,0.8129,0.8183,0.8173
ebitda_margin,0.6005,0.5351,0.5356,0.5747,0.464,-0.5101,0.4381,0.4712,0.4156,0.4368,0.5009,0.5436,0.5351,0.5659,0.5263,0.4066,0.3923,0.4285,0.4321,0.5312,0.476,0.5156,0.5288,0.5881,0.4977,0.5503,0.5706,0.6325,0.5346,0.5212,0.5017,0.5347,0.5088,0.4813,0.4872,0.4898,0.4222,0.4102,0.4535,0.5214,0.5101,0.4936,0.428,0.4335,0.3826,0.3586,0.2828,0.2728,0.3404,0.3754,0.4863,0.4875,0.4715,0.473,0.5266,0.575
operating_margin,0.5307,0.4547,0.4339,0.4836,0.3601,-0.6275,0.2987,0.3299,0.2558,0.3099,0.365,0.4377,0.4296,0.4776,0.4361,0.2942,0.2633,0.3149,0.3241,0.4382,0.3734,0.4247,0.4445,0.5184,0.4142,0.4721,0.4959,0.5667,0.4553,0.4431,0.4211,0.4623,0.4189,0.3923,0.407,0.4201,0.3322,0.319,0.3744,0.455,0.4347,0.4253,0.3592,0.3737,0.3054,0.2899,0.2043,0.1989,0.2522,0.2935,0.4026,0.4084,0.379,0.38,0.4274,0.4828
pretax_margin,0.5444,0.4458,0.3972,0.4588,0.361,-0.6461,0.2947,0.3186,0.2421,0.3006,0.3601,0.4369,0.4296,0.4762,0.4171,0.2892,0.263,0.3149,0.3181,0.4377,0.3838,0.4279,0.4512,0.5145,0.4243,0.4814,0.5069,0.5752,0.4688,0.4435,0.4306,0.4712,0.2309,0.2861,0.4151,0.4349,0.3304,0.328,0.3788,0.465,0.4395,0.4303,0.3641,0.3772,0.3191,0.284,0.2011,0.1911,0.255,0.2904,0.4105,0.419,0.389,0.3866,0.439,0.4867
net_income_margin,0.3187,0.2681,0.2379,0.267,0.1937,-0.1326,-0.0467,0.0403,0.1502,0.1836,0.2108,0.2022,0.2565,0.2718,0.2516,0.182,0.1445,0.1778,0.199,0.2672,0.3229,0.3547,0.3746,0.4051,0.3814,0.4177,0.4557,0.329,0.4168,0.3859,0.3742,0.4068,0.1611,0.1549,0.345,0.3485,0.2763,0.277,0.3654,0.3996,0.3628,0.3574,0.3169,0.3054,0.2674,0.232,0.1585,0.1446,0.1993,0.2433,0.3392,0.3494,0.3392,0.3446,0.3865,0.4306
fcf_margin,0.2626,-0.0033,0.4496,0.2873,-0.0113,-0.1461,0.0625,0.3047,0.2688,0.5813,0.3303,0.2892,0.3685,0.2996,0.2391,0.7621,0.3381,0.3292,0.3137,0.6601,0.4357,0.4148,0.4194,0.4155,0.4714,0.4201,0.4233,0.4168,0.4218,0.2144,0.3027,0.1961,0.3628,0.295,0.3271,0.2363,0.4196,0.0332,0.2859,0.3341,0.3045,0.2969,0.3369,0.3782,0.3139,0.1619,0.0121,0.1793,0.2511,0.3517,0.4086,0.2963,0.3523,0.2865,0.4056,0.2803
assets_to_equity,0.0,0.0,0.0,1.2923,1.2835,1.1216,1.1315,1.2848,1.2823,1.2733,1.1444,1.1567,1.1368,1.132,1.1389,1.1072,1.1201,1.1185,1.1218,1.1173,1.1044,1.1063,1.1027,1.0974,1.1049,1.1107,1.1093,1.1368,1.1459,1.1374,1.1507,1.1569,1.2653,1.3181,1.3236,1.3198,1.314,1.2647,1.2438,1.2418,1.2234,1.2342,1.2716,1.3291,1.3326,1.3499,1.4416,1.4773,1.4783,1.542,1.5137,1.4991,1.4903,1.4687,1.5584,1.5114
equity_to_assets,0.0,0.0,0.0,0.7738,0.779,0.8915,0.8837,0.7783,0.7797,0.7853,0.8737,0.8644,0.8795,0.8833,0.878,0.9031,0.8927,0.8939,0.8913,0.8949,0.9054,0.9039,0.9068,0.9112,0.905,0.9003,0.9013,0.8795,0.8726,0.8791,0.869,0.8643,0.7902,0.7586,0.7555,0.7576,0.761,0.7906,0.8039,0.8052,0.8173,0.8101,0.7863,0.7523,0.7503,0.7407,0.6936,0.6768,0.6764,0.6484,0.6606,0.667,0.671,0.6808,0.6416,0.6615
debt_to_equity,0.0,0.0,0.0,0.0812,0.0721,0.0296,0.0373,0.1693,0.1623,0.1498,0.0219,0.0153,0.0114,0.0083,0.006,0.0032,0.003,0.0027,0.0026,0.0069,0.0,0.0,0.0,0.0,0.0,0.0,0.0,0.0,0.0,0.0,0.0,0.0059,0.0758,0.0802,0.0888,0.0942,0.0903,0.0872,0.0818,0.075,0.0791,0.0792,0.0866,0.102,0.1046,0.1176,0.1983,0.2006,0.2091,0.2598,0.2432,0.2324,0.2404,0.2301,0.2858,0.2579
debt_to_total_equity,0.0,0.0,0.0,0.0812,0.0721,0.0296,0.0373,0.1693,0.1623,0.1498,0.0219,0.0153,0.0114,0.0083,0.006,0.0032,0.003,0.0027,0.0026,0.0069,0.0,0.0,0.0,0.0,0.0,0.0,0.0,0.0,0.0,0.0,0.0,0.0059,0.0758,0.0802,0.0888,0.0942,0.0903,0.0872,0.0818,0.075,0.0791,0.0792,0.0866,0.102,0.1046,0.1176,0.1983,0.2006,0.2091,0.2598,0.2432,0.2324,0.2404,0.2301,0.2858,0.2579
debt_to_assets,0.0,0.0,0.0,0.0628,0.0562,0.0263,0.033,0.1318,0.1266,0.1177,0.0192,0.0132,0.01,0.0073,0.0053,0.0029,0.0026,0.0024,0.0023,0.0062,0.0,0.0,0.0,0.0,0.0,0.0,0.0,0.0,0.0,0.0,0.0,0.0051,0.0599,0.0608,0.0671,0.0714,0.0687,0.0689,0.0658,0.0604,0.0646,0.0642,0.0681,0.0767,0.0785,0.0871,0.1375,0.1358,0.1414,0.1684,0.1607,0.155,0.1613,0.1566,0.1834,0.1706
revenue_per_share,0.2859,0.3501,0.3732,0.4424,0.4948,0.6301,0.5214,0.5262,0.5834,0.7246,0.7974,1.0117,0.9589,1.1128,1.2114,1.3714,1.2492,1.4182,1.5721,2.0366,1.8526,2.2033,2.392,2.9901,2.7282,3.1585,3.4939,4.3794,4.0631,4.5156,4.7123,5.8505,5.2551,5.8733,6.1419,7.3226,6.1844,6.4907,7.4264,9.6699,9.0808,10.1067,10.1469,11.991,10.1779,10.6236,10.3141,12.1194,11.0342,12.2507,12.9291,15.1533,13.8876,14.9697,15.6111,18.5312
ebitda_per_share,0.1717,0.1874,0.1999,0.2543,0.2296,-0.3214,0.2285,0.248,0.2424,0.3165,0.3995,0.55,0.5132,0.6298,0.6376,0.5576,0.4901,0.6077,0.6793,1.0819,0.8819,1.1362,1.265,1.7586,1.358,1.7383,1.9939,2.77,2.1724,2.3539,2.3645,3.1286,2.6741,2.8271,2.9926,3.5866,2.6115,2.663,3.3683,5.0423,4.6321,4.9888,4.3434,5.199,3.8949,3.8101,2.9173,3.3063,3.7561,4.5999,6.2881,7.3879,6.5493,7.0819,8.2219,10.6564
operating_income_per_share,0.1517,0.1592,0.1619,0.214,0.1781,-0.3954,0.1557,0.1736,0.1492,0.2246,0.2911,0.4428,0.412,0.5315,0.5283,0.4034,0.3289,0.4466,0.5096,0.8926,0.6919,0.9359,1.0634,1.5502,1.13,1.4913,1.7327,2.4821,1.8502,2.001,1.9845,2.7049,2.2018,2.3046,2.5,3.0767,2.0547,2.0712,2.781,4.4006,3.9479,4.2985,3.6456,4.4818,3.1086,3.0807,2.1079,2.411,2.7838,3.5957,5.2056,6.1896,5.264,5.6885,6.673,8.9482
pretax_income_per_share,0.1557,0.1561,0.1482,0.203,0.1786,-0.4071,0.1537,0.1676,0.1412,0.2178,0.2871,0.442,0.412,0.53,0.5052,0.3967,0.3286,0.4466,0.5001,0.8915,0.7111,0.9428,1.0794,1.5386,1.1576,1.5208,1.7713,2.5192,1.9049,2.0027,2.0295,2.7571,1.2136,1.6806,2.5501,3.1847,2.0435,2.1295,2.8132,4.497,3.9913,4.3493,3.6953,4.5238,3.2487,3.0173,2.0751,2.3168,2.8147,3.5578,5.3085,6.3494,5.403,5.7877,6.8546,9.0202
fcf_per_share,0.0751,-0.0011,0.1678,0.1271,-0.0056,-0.092,0.0326,0.1603,0.1568,0.4212,0.2634,0.2926,0.3533,0.3334,0.2897,1.0452,0.4224,0.467,0.4931,1.3444,0.8072,0.914,1.0034,1.2427,1.2863,1.327,1.479,1.8257,1.714,0.9686,1.4267,1.1473,1.9069,1.7332,2.0093,1.7308,2.5951,0.216,2.1238,3.2307,2.7654,3.0013,3.4193,4.5352,3.1951,1.7206,0.1254,2.1733,2.7711,4.3097,5.2832,4.4899,4.8937,4.29,6.333,5.1945
book_value_per_share,0.0,0.0,0.0,1.676,2.6177,7.083,5.857,3.9027,4.7314,4.9356,5.1613,6.0524,6.4151,7.0156,8.0325,12.8547,13.2232,13.8428,14.4673,15.4177,16.2306,17.2485,18.4629,20.093,21.1236,22.5282,24.0893,25.1002,26.3565,27.0928,27.5805,29.0996,30.1554,30.8737,32.7066,35.1003,36.7168,38.3629,40.7232,44.1922,46.3764,48.0455,46.6456,44.4725,44.9409,46.3571,46.1831,47.3673,48.072,51.3143,54.098,57.8647,56.9634,60.0624,63.2803,69.949
tangible_book_per_share,0.0,0.0,0.0,1.6126,2.5293,6.6524,5.269,3.4418,4.1308,4.2837,4.5249,5.3787,5.7704,6.3762,6.5465,5.0519,5.5437,6.2533,6.9713,8.0006,8.9686,10.0859,11.3708,13.0811,14.165,15.6441,17.2344,18.3126,19.5643,20.3228,20.7988,22.3216,23.3645,24.1509,26.0292,28.2893,29.8657,31.455,33.883,37.4154,39.5891,41.1866,39.8495,37.4102,37.3431,38.5451,38.3144,39.3782,39.7523,43.0773,45.9644,49.7642,49.0952,52.149,55.3365,61.6882
market_cap,0,0,0,0,0,66616200000,46915560000,63142640000,61673380000,60483280000,123214190000,139193550000,154455360000,173271750000,206136320000,216739560000,230709320000,240156000000,252978600000,296606440000,325185000000,327069360000,369032790000,332724600000,410950650000,437842000000,490329380000,512792760000,463710580000,561779120000,472493580000,374130860000,476066640000,550822000000,508240320000,585373000000,475546800000,647149500000,746415000000,778232840000,836759730000,982628460000,947916270000,921935350000,603485040000,434891250000,361587200000,314568760000,543838040000,738399540000,771839910000,906491560000,1231916460000,1277233631360,1444838560000,1483968068880
enterprise_value,0,0,0,-3908000000,-3910000000,56428200000,36463560000,55016640000,53701380000,51731280000,113886190000,127744550000,141826360000,159315750000,191886320000,205540560000,218296320000,226031000000,237144600000,278172440000,304564000000,303776360000,342892790000,303275600000,378644650000,402390000000,452040380000,471081760000,419754580000,519470120000,431287580000,333016860000,430823640000,502226000000,455971320000,530518000000,415257800000,588909500000,690795000000,716278840000,772540730000,918548460000,889841270000,873937350000,559595040000,394402250000,329733200000,283753760000,516324040000,703335540000,729099910000,859473560000,1192183460000,1237542631360,1402761560000,1434979068880
price_to_earnings,0.0,0.0,0.0,0.0,0.0,115.4526,161.2218,1191.3705,920.4982,108.5875,118.3613,92.7957,80.32,72.7726,74.6329,73.7209,82.1029,87.7121,89.4549,80.4247,66.1752,50.4892,44.9546,32.5657,35.6017,33.2858,32.1865,32.1822,25.9665,29.4587,24.2304,16.919,24.3462,32.2797,28.2073,31.6674,22.6904,27.5148,29.5317,26.7021,24.8002,25.224,23.5191,23.4172,16.1627,12.9312,12.5411,13.5589,25.3608,32.7522,25.959,23.1857,26.923,24.8324,26.0148,23.7967
price_to_book,0.0,0.0,0.0,0.0,0.0,5.0053,3.3099,5.3715,5.2159,4.8978,9.4431,8.9976,9.2283,9.4446,9.706,6.0045,6.152,6.0872,6.1076,6.7078,6.8968,6.4916,6.8194,5.6209,6.6081,6.5859,6.8858,6.8972,5.9741,7.0769,5.881,4.4472,5.5026,6.2056,5.4068,5.7926,4.5159,5.8593,6.34,6.0662,6.2605,7.1088,7.1079,7.3826,4.8973,3.4579,2.9138,2.5022,4.3578,5.509,5.4022,5.9182,8.2386,8.1475,8.7816,8.1252
price_to_tangible_book,0.0,0.0,0.0,0.0,0.0,5.3292,3.6793,6.0907,5.9743,5.6431,10.7714,10.1246,10.2594,10.3917,11.9091,15.2784,14.6742,13.4752,12.6749,12.9262,12.4811,11.1017,11.0727,8.6338,9.8544,9.484,9.6246,9.4537,8.0481,9.4343,7.7985,5.7976,7.1019,7.933,6.7939,7.1873,5.5518,7.1461,7.6199,7.1649,7.3338,8.2926,8.3201,8.7763,5.8936,4.1587,3.5122,3.0099,5.2699,6.5625,6.3582,6.8816,9.559,9.3839,10.0423,9.2133
price_to_sales,0.0,0.0,0.0,0.0,0.0,15.3954,10.122,12.4076,11.2358,9.8861,17.9298,17.6798,17.3214,17.3029,18.4033,17.3864,17.0807,16.4052,15.8736,16.5452,16.4517,14.7594,14.9587,12.0386,13.5681,13.1987,13.4373,12.6138,10.4001,11.5837,9.1046,6.7002,8.0759,8.7985,7.6393,8.28,6.4826,8.6105,9.4511,9.0527,8.8639,9.3771,8.4386,7.8177,5.043,3.6419,3.0613,2.6976,4.6344,6.1266,6.0796,6.7196,8.6322,8.5272,9.2483,9.021
price_to_fcf,0.0,0.0,0.0,0.0,0.0,117.0759,214.2263,167.4871,78.9671,30.1211,47.4813,48.669,45.562,54.0123,62.3144,39.443,39.9773,38.5483,36.7915,38.041,36.3578,31.8068,31.2421,28.6411,31.4687,30.6076,31.1597,29.3309,24.7391,31.8,27.0769,24.359,30.1651,30.7258,26.0022,27.5963,20.5118,34.3807,38.9,32.9983,34.7044,30.5886,26.5077,23.5692,15.1222,12.1004,13.6442,16.1036,30.2687,30.07,20.22,20.4676,24.6674,25.6056,27.5764,27.4442
price_to_pretax_income,0.0,0.0,0.0,0.0,0.0,129.3518,92.3534,127.8191,132.6309,34.075,57.8742,50.5423,44.4347,40.137,41.8381,44.1334,48.387,51.5909,53.2474,47.886,44.3756,37.1289,35.0092,26.5818,29.6522,28.0793,27.7571,24.9001,20.3417,23.237,19.0122,14.7522,20.4909,24.8151,21.5228,23.5923,17.4891,22.7149,25.4801,23.4548,21.5537,21.7376,19.8991,19.4978,13.5041,10.7747,10.2221,10.9153,19.9808,26.0688,20.9915,19.1134,22.6859,21.2461,22.6045,21.0006
enterprise_value_to_earnings,0.0,0.0,0.0,-3.9001,-4.0143,97.7958,125.3043,1038.0498,801.5131,92.8748,109.4007,85.163,73.7526,66.9112,69.4736,69.9117,77.6855,82.5533,83.8559,75.4263,61.9788,46.8935,41.7703,29.6834,32.8029,30.5906,29.6731,29.5645,23.5051,27.2401,22.1173,15.0597,22.0325,29.4319,25.3064,28.6999,19.8138,25.0386,27.3311,24.5763,22.8968,23.5791,22.0782,22.198,14.9872,11.7273,11.4363,12.2307,24.0777,31.1969,24.5215,21.9831,26.0546,24.0607,25.2572,23.0112
enterprise_value_to_book,0.0,0.0,0.0,-0.9122,-0.6985,4.2398,2.5725,4.6802,4.5417,4.1891,8.7282,8.2575,8.4738,8.6839,9.035,5.6942,5.821,5.7292,5.7253,6.2909,6.4594,6.0293,6.3363,5.1234,6.0887,6.0527,6.3481,6.3362,5.4078,6.5439,5.3681,3.9585,4.9796,5.6581,4.8508,5.2498,3.9434,5.332,5.8675,5.5832,5.78,6.6452,6.6724,6.9982,4.5411,3.1359,2.6571,2.2571,4.1373,5.2474,5.1031,5.6113,7.9729,7.8943,8.5259,7.857
enterprise_value_to_tangible_book,0.0,0.0,0.0,-0.948,-0.723,4.5142,2.8596,5.3069,5.2021,4.8265,9.9559,9.2918,9.4205,9.5547,11.0859,14.4889,13.8847,12.6826,11.8815,12.1229,11.6897,10.3111,10.2884,7.8697,9.0797,8.7161,8.8731,8.6848,7.2852,8.7238,7.1184,5.1604,6.427,7.2331,6.0952,6.5138,4.848,6.503,7.052,6.5945,6.7709,7.7518,7.8104,8.3194,5.465,3.7715,3.2028,2.715,5.0032,6.2508,6.0061,6.5247,9.2506,9.0922,9.7498,8.9091
enterprise_value_to_sales,0.0,0.0,0.0,-1.053,-0.9683,13.0409,7.867,10.8108,9.7834,8.4555,16.5724,16.2256,15.9051,15.9093,17.1311,16.488,16.1617,15.4403,14.8801,15.5169,15.4084,13.7083,13.8991,10.9731,12.5014,12.13,12.388,11.5878,9.4142,10.7113,8.3106,5.9639,7.3084,8.0222,6.8537,7.5041,5.6607,7.8356,8.7468,8.3321,8.1836,8.7656,7.9216,7.4107,4.6763,3.3028,2.7916,2.4333,4.4,5.8356,5.7429,6.3711,8.3538,8.2622,8.979,8.7232
enterprise_value_to_fcf,0.0,0.0,0.0,-4.1442,-5.2909,99.1708,166.5002,145.9327,68.7597,25.7625,43.8867,44.6659,41.8366,49.662,58.0067,37.405,37.8264,36.281,34.4887,35.6768,34.0523,29.5416,29.0291,26.1061,28.9949,28.1293,28.7265,26.9451,22.394,29.405,24.7156,21.6821,27.2984,28.015,23.3281,25.0102,17.9113,31.2866,36.0014,30.3713,32.041,28.5938,24.8837,22.3421,14.0224,10.9739,12.4422,14.5261,28.7373,28.6421,19.1003,19.406,23.8718,24.8099,26.7733,26.5383
enterprise_value_to_pretax_income,0.0,0.0,0.0,-2.3056,-2.3287,109.5693,71.7786,111.3697,115.4868,29.1443,53.4928,46.385,40.8015,36.9042,38.9458,41.853,45.7836,48.5566,49.9146,44.9099,41.5616,34.4847,32.5294,24.229,27.3212,25.8058,25.5896,22.8747,18.4135,21.487,17.3542,13.131,18.5436,22.6258,19.3093,21.3815,15.2718,20.6707,23.5814,21.5876,19.8995,20.32,18.68,18.4827,12.5219,9.7716,9.3216,9.846,18.9699,24.8309,19.8292,18.122,21.9542,20.5859,21.9462,20.3073
revenue_growth,0.0,0.2243,0.0659,0.0,0.4473,0.3229,0.3228,0.4014,0.378,0.5312,0.5974,0.6315,0.716,0.605,0.5887,0.4891,0.416,0.389,0.4052,0.5167,0.519,0.5922,0.5576,0.5081,0.4923,0.4482,0.4731,0.4725,0.4897,0.4194,0.3291,0.3038,0.2599,0.2762,0.2859,0.2464,0.1764,0.1066,0.2162,0.3315,0.4755,0.556,0.3511,0.1994,0.0663,-0.0087,-0.0446,-0.0447,0.0264,0.1102,0.232,0.247,0.2726,0.221,0.1886,0.2062
gross_profit_growth,0.0,0.2145,0.0481,0.0,0.3847,0.1927,0.3091,0.3438,0.338,0.6499,0.6053,0.7634,0.9521,0.8078,0.7481,0.5269,0.4161,0.3844,0.4332,0.5683,0.5728,0.6357,0.5932,0.5471,0.5125,0.4647,0.4741,0.4636,0.4606,0.3628,0.2735,0.2426,0.2213,0.2325,0.2818,0.2459,0.1645,0.0941,0.1916,0.2996,0.4735,0.5936,0.3451,0.1951,0.041,-0.002,-0.0534,-0.1278,0.0289,0.1025,0.2699,0.3603,0.3229,0.2191,0.1889,0.2199
ebitda_growth,0.0,0.0911,0.0668,0.0,0.1184,-2.2609,0.0821,0.1492,0.2342,2.3112,0.8264,0.8821,1.2095,1.0795,0.6693,0.1137,0.038,0.0516,0.1536,0.9814,0.8431,0.9162,0.9064,0.6696,0.5604,0.5456,0.5895,0.5836,0.6003,0.3444,0.1686,0.1023,0.1991,0.1784,0.2486,0.1416,-0.0237,-0.0567,0.1321,0.4175,0.7823,0.872,0.2752,-0.0026,-0.2,-0.2798,-0.3687,-0.3989,-0.0869,0.1623,1.1185,1.2286,0.7631,0.5384,0.2872,0.4227
operating_income_growth,0.0,0.0489,0.0171,0.0,-0.018,-2.8255,-0.0893,-0.0438,-0.0209,1.7563,0.9522,1.1644,1.882,1.4733,0.898,0.0008,-0.132,-0.0841,0.0443,1.2594,1.1543,1.1476,1.1363,0.7839,0.6552,0.6097,0.6432,0.6098,0.6378,0.3321,0.1286,0.0636,0.1592,0.1301,0.2428,0.1327,-0.0671,-0.1,0.1189,0.4421,0.9307,1.0739,0.2963,-0.0148,-0.2508,-0.3241,-0.4565,-0.4915,-0.1521,0.1237,1.4272,1.5604,0.9119,0.5808,0.262,0.426
pretax_income_growth,0.0,0.0025,-0.0501,0.0,-0.0402,-2.9172,-0.0184,-0.0269,-0.0759,1.7124,0.9516,1.2376,2.0453,1.5431,0.8402,-0.0141,-0.133,-0.0815,0.0718,1.2953,1.2167,1.1633,1.2094,0.7727,0.6495,0.6296,0.6548,0.6461,0.6461,0.3074,0.1291,0.0682,-0.3793,-0.1765,0.2396,0.1502,0.6832,0.2688,0.1097,0.4238,0.9626,1.0409,0.299,-0.0269,-0.2255,-0.3458,-0.4722,-0.5159,-0.1797,0.1352,1.5143,1.7332,0.941,0.6255,0.2711,0.4013
net_income_growth,0.0,0.03,-0.0541,0.0,-0.1201,-1.6541,-1.2599,-0.788,0.0682,3.121,8.2033,7.1718,1.9315,1.3753,0.8964,0.3403,-0.2024,-0.091,0.1116,1.2268,2.3945,2.1752,1.9319,1.2863,0.7629,0.7056,0.7917,0.1961,0.6279,0.3112,0.0913,0.612,-0.513,-0.4876,0.1857,0.0678,1.0181,0.9793,0.2881,0.5266,0.9373,1.0073,0.1718,-0.0832,-0.2139,-0.3566,-0.5219,-0.5475,-0.2352,0.1646,1.6354,2.0124,1.1665,0.7289,0.3543,0.4866
eps_diluted_growth,0.0,0.0333,-0.0483,0.0,0.0666,-2.2903,-1.3389,-0.7857,0.4062,2.625,9.5,5.6666,1.7777,1.3076,0.7647,0.25,-0.28,-0.1666,0.0333,1.16,2.3333,2.12,1.9032,1.2407,0.7333,0.6923,0.7666,0.19,0.625,0.3181,0.1069,0.6527,-0.497,-0.477,0.2045,0.0756,1.0117,0.978,0.2783,0.5156,0.9298,1.0055,0.1881,-0.0541,-0.1757,-0.3185,-0.4906,-0.5204,-0.1911,0.2113,1.6768,2.0284,1.1409,0.7315,0.3735,0.5046
shares_diluted_growth,0.0154,0.0,0.0,0.0154,-0.1635,-0.2648,-0.0532,0.1784,0.1688,0.3315,0.0446,-0.1513,0.044,0.0451,0.0458,0.0985,0.087,0.0898,0.0828,0.0213,0.0243,0.0249,0.0237,0.0271,0.0134,0.0102,0.0085,0.0054,0.0003,-0.0071,-0.0145,-0.0239,-0.0258,-0.0187,-0.0133,-0.0041,-0.0003,0.0013,0.0059,0.0083,0.0048,-0.0006,-0.011,-0.0327,-0.0485,-0.057,-0.0601,-0.0548,-0.0532,-0.0372,-0.0171,-0.0026,0.0111,-0.0007,-0.0155,-0.0136
cash_and_equiv_growth,-1.0,0.0,0.0,-0.1529,0.0,0.0,0.0,0.5767,0.8135,0.4304,0.251,0.3938,0.2894,0.4608,1.9029,0.2985,0.1404,0.1685,-0.5212,0.1371,0.8882,-0.0029,0.4015,0.8143,0.1003,0.2239,0.1926,-0.0925,0.7007,0.8477,0.3382,0.2401,-0.0832,0.2012,0.658,0.9042,1.1323,0.5165,-0.2729,-0.0787,-0.1738,-0.2308,0.2478,-0.0554,-0.2371,-0.2165,-0.0129,-0.1156,-0.224,1.2699,1.5782,1.8514,1.7969,0.1132,0.1887,0.0484
ppe_growth,-1.0,0.0,0.0,1.5696,0.0,0.0,0.0,0.621,0.3654,0.2242,0.173,0.2053,0.2135,0.2937,0.3791,0.3764,0.5026,0.4862,0.4407,0.4335,0.4,0.4337,0.4805,0.5106,0.4631,0.496,0.5391,0.5971,0.7132,0.7272,0.7364,0.7989,1.103,1.0303,0.9271,0.8143,0.3635,0.2995,0.2714,0.2277,0.246,0.2683,0.2524,0.2725,0.2745,0.3301,0.3486,0.3176,0.3146,0.2347,0.1994,0.1918,0.1587,0.1596,0.2115,0.2401
total_assets_growth,-1.0,0.0,0.0,1.1173,0.0,0.0,0.0,1.3855,1.1106,0.0533,-0.0688,0.1848,0.2548,0.3208,0.6197,1.2333,1.2076,1.1248,0.9211,0.2362,0.2396,0.263,0.2841,0.3148,0.3195,0.3247,0.3238,0.3011,0.2944,0.2227,0.1703,0.1515,0.2308,0.2958,0.3457,0.3702,0.2639,0.1938,0.1769,0.1944,0.1817,0.2213,0.158,0.0418,0.0042,-0.0048,0.0548,0.1189,0.1234,0.2173,0.2089,0.2363,0.2078,0.1139,0.1855,0.2022
total_shareholders_equity_growth,-1.0,0.0,0.0,1.2659,0.0,0.0,0.0,1.3994,1.1125,-0.0721,-0.0794,0.316,0.4155,0.4856,0.6276,1.3332,1.2406,1.1504,0.9502,0.225,0.2572,0.277,0.3064,0.3386,0.3189,0.3195,0.3158,0.2559,0.2481,0.194,0.1282,0.1315,0.1146,0.1181,0.1699,0.2012,0.2171,0.2443,0.2524,0.2695,0.2692,0.2515,0.1327,-0.0265,-0.078,-0.0901,-0.0694,0.0066,0.0127,0.0657,0.1513,0.2183,0.1981,0.1695,0.1515,0.1923
total_equity_growth,-1.0,0.0,0.0,1.2659,0.0,0.0,0.0,1.3994,1.1125,-0.0721,-0.0794,0.316,0.4155,0.4856,0.6276,1.3332,1.2406,1.1504,0.9502,0.225,0.2572,0.277,0.3064,0.3386,0.3189,0.3195,0.3158,0.2559,0.2481,0.194,0.1282,0.1315,0.1146,0.1181,0.1699,0.2012,0.2171,0.2443,0.2524,0.2695,0.2692,0.2515,0.1327,-0.0265,-0.078,-0.0901,-0.0694,0.0066,0.0127,0.0657,0.1513,0.2183,0.1981,0.1695,0.1515,0.1923
cfo_growth,0.0,-0.626,3.3798,0.0,0.2782,0.8604,-0.5575,0.3352,0.6303,4.5083,2.8,0.8076,0.7872,0.0143,0.3136,1.8042,0.3229,0.4019,0.7564,0.3174,1.0452,0.9494,0.8412,0.0839,0.4547,0.4624,0.518,0.5559,0.5539,0.175,0.2237,-0.0069,0.1842,0.368,0.2412,0.1923,0.1818,-0.55,0.056,0.5457,0.1128,2.4168,0.4335,0.2894,0.1498,-0.0793,-0.3121,-0.1984,-0.0055,0.4192,1.105,0.3371,0.3749,0.119,0.2118,0.4423
capex_growth,0.0,0.1372,-0.0303,0.0,-1.9607,-2.1287,-0.2573,-0.0702,0.2781,0.351,-0.6608,-1.4393,-0.11,-0.75,-0.6971,-0.0703,-0.3829,-0.1705,-0.6182,-0.3384,-1.2549,-0.8123,-0.4038,-0.8338,-0.1227,-0.4512,-0.6027,-0.7832,-1.2124,-1.3961,-0.9042,-0.9005,-0.3645,-0.05,-0.0568,0.0467,0.0727,0.104,-0.0444,-0.1368,-0.2006,-0.4168,-0.1694,-0.1518,-0.2441,-0.6322,-1.1685,-0.6284,-0.2801,0.196,0.3106,0.1399,0.0593,-0.3504,-0.2805,-0.9184
fcf_growth,0.0,-1.0156,144.0,0.0,-1.0625,-56.6666,-0.8158,0.4861,33.6666,7.0924,7.4303,0.5486,1.352,-0.1726,0.1501,2.9237,0.2993,0.5263,0.8433,0.3137,0.9574,1.006,1.0828,-0.0505,0.6149,0.4666,0.4865,0.4771,0.3329,-0.2752,-0.0494,-0.3866,0.0837,0.7558,0.3895,0.5022,0.3604,-0.8751,0.0632,0.8821,0.0708,12.8826,0.5921,0.3578,0.0992,-0.4594,-0.9655,-0.547,-0.1788,1.4115,40.4035,1.0605,0.7856,-0.0053,0.1801,0.1411
dividends_per_share_growth,0,0,0,0,0,0,0,0,0,0,0,0,0,0,0,0,0,0,0,0,0,0,0,0,0,0,0,0,0,0,0,0,0,0,0,0,0,0,0,0,0,0,0,0,0,0,0,0,0,0,0,0,0,0,0,0
shares_eop_growth,0.0154,0.0,0.0,-0.1635,0.0,0.0018,0.0112,0.0951,0.0164,0.0082,0.009,0.0383,0.0066,0.0042,0.0128,0.0651,0.01,-0.0021,0.005,0.0071,0.0056,0.0042,0.0052,0.0052,0.0003,0.0024,0.002,0.0,-0.0013,-0.0037,-0.0062,-0.0066,0.0007,-0.0007,0.0,-0.0007,-0.0003,-0.0003,0.0,-0.0003,-0.0028,-0.0052,-0.0116,-0.0186,-0.0098,-0.0062,-0.0118,-0.0191,-0.0183,0.0027,-0.0007,-0.0038,-0.0093,-0.0015,-0.0035,0.0041
gross_margin_median,NA,NA,NA,NA,NA,NA,NA,NA,0.7471,0.7471,0.7466,0.7466,0.7466,0.7466,0.749,0.7798,0.8127,0.8153,0.8195,0.8271,0.8327,0.836,0.8387,0.8421,0.8499,0.8566,0.8582,0.859,0.859,0.8583,0.8583,0.8574,0.8473,0.8368,0.8336,0.8335,0.8282,0.8225,0.8172,0.8138,0.8091,0.8091,0.8048,0.8082,0.8048,0.8048,0.8043,0.8043,0.8025,0.8025,0.8062,0.8046,0.8098,0.8105,0.8135,0.8135
pretax_margin_median,NA,NA,NA,NA,NA,NA,NA,NA,0.3398,0.3398,0.3393,0.3393,0.3393,0.3393,0.3393,0.3393,0.3393,0.3375,0.3391,0.3886,0.4004,0.4004,0.4004,0.4004,0.404,0.4261,0.4328,0.4445,0.46,0.46,0.46,0.47,0.47,0.4561,0.4561,0.4392,0.4328,0.4229,0.397,0.397,0.397,0.397,0.397,0.397,0.378,0.3707,0.3707,0.3707,0.3416,0.3048,0.3048,0.3048,0.3048,0.3048,0.3385,0.3878
operating_income_margin_median,NA,NA,NA,NA,NA,NA,NA,NA,0.345,0.345,0.345,0.345,0.345,0.345,0.3475,0.3475,0.3475,0.34,0.3446,0.3973,0.4015,0.3991,0.3991,0.3991,0.3938,0.4195,0.4315,0.4414,0.4499,0.4499,0.4499,0.4588,0.4588,0.4492,0.4492,0.4321,0.4206,0.4195,0.413,0.413,0.413,0.413,0.3997,0.3907,0.3741,0.3665,0.3665,0.3665,0.3323,0.2994,0.2994,0.2994,0.2994,0.2994,0.3362,0.3795
fcf_margin_median,NA,NA,NA,NA,NA,NA,NA,NA,0.1626,0.2657,0.2781,0.2883,0.2883,0.2944,0.2944,0.3021,0.3175,0.3298,0.3298,0.3298,0.3337,0.3533,0.3764,0.4152,0.4175,0.4175,0.4198,0.4198,0.4209,0.4198,0.4181,0.4181,0.4162,0.3898,0.345,0.3149,0.3149,0.2989,0.2905,0.2989,0.2998,0.3007,0.3007,0.3158,0.3092,0.3092,0.3007,0.3007,0.3007,0.3007,0.3054,0.3051,0.3051,0.2914,0.2914,0.2914
roa_median,NA,NA,NA,NA,NA,NA,NA,NA,0.0116,0.0274,0.0274,0.0441,0.06,0.06,0.06,0.0796,0.0799,0.0799,0.0799,0.0841,0.0915,0.0942,0.0942,0.0942,0.0942,0.1085,0.1312,0.1531,0.1683,0.1786,0.1897,0.1971,0.1971,0.1971,0.1971,0.1971,0.1919,0.1791,0.1729,0.1729,0.1729,0.1729,0.1729,0.1836,0.1998,0.2052,0.2052,0.2052,0.2052,0.2052,0.1833,0.1703,0.1703,0.1703,0.1703,0.1703
roe_median,NA,NA,NA,NA,NA,NA,NA,NA,0.0134,0.0336,0.0336,0.0535,0.0715,0.0715,0.0715,0.0922,0.0922,0.0922,0.0922,0.0943,0.1038,0.105,0.105,0.105,0.105,0.1202,0.1449,0.1687,0.1852,0.1973,0.2117,0.2201,0.2252,0.2252,0.2252,0.2252,0.224,0.2236,0.2197,0.2197,0.2197,0.2197,0.2197,0.2292,0.2472,0.2638,0.2638,0.2638,0.2638,0.2638,0.2504,0.2474,0.2474,0.2474,0.2474,0.2474
roic_median,NA,NA,NA,NA,NA,NA,NA,NA,0.0126,0.0301,0.0301,0.0492,0.067,0.067,0.067,0.0888,0.0891,0.0891,0.0891,0.0939,0.1027,0.1046,0.1046,0.1046,0.1046,0.12,0.1449,0.1687,0.1852,0.1973,0.2117,0.2201,0.2206,0.2206,0.2206,0.2206,0.2195,0.2101,0.2022,0.2022,0.2022,0.2022,0.2022,0.212,0.2294,0.2411,0.2411,0.2411,0.2411,0.2411,0.2212,0.2063,0.2063,0.2063,0.2063,0.2063
assets_to_equity_median,NA,NA,NA,NA,NA,NA,NA,NA,1.2069,1.2024,1.2088,1.215,1.215,1.1506,1.1416,1.1416,1.1416,1.1378,1.1344,1.1269,1.121,1.1193,1.1179,1.1122,1.1067,1.1085,1.1078,1.1078,1.1078,1.1078,1.11,1.1238,1.1371,1.1416,1.1483,1.1538,1.2111,1.265,1.265,1.265,1.265,1.265,1.2682,1.2682,1.2682,1.2682,1.2682,1.3004,1.3309,1.3412,1.3957,1.4594,1.4778,1.4778,1.4843,1.4947
debt_to_assets_median,NA,NA,NA,NA,NA,NA,NA,NA,0.0446,0.0446,0.0446,0.0446,0.0446,0.0297,0.0228,0.0162,0.0116,0.0087,0.0063,0.0057,0.0041,0.0028,0.0025,0.0024,0.0011,0,0,0,0,0,0,0,0,0,0,0.0025,0.0325,0.0604,0.0633,0.0633,0.0652,0.0652,0.0664,0.0676,0.0684,0.0684,0.0685,0.0724,0.0776,0.0828,0.1114,0.1366,0.1395,0.1482,0.1558,0.1586
debt_to_equity_median,NA,NA,NA,NA,NA,NA,NA,NA,0.0547,0.0547,0.0547,0.0547,0.0547,0.0334,0.0257,0.0186,0.0133,0.0098,0.0072,0.0065,0.0046,0.0031,0.0029,0.0027,0.0013,0,0,0,0,0,0,0,0,0,0,0.0029,0.0409,0.078,0.081,0.081,0.081,0.081,0.0842,0.0869,0.0869,0.0869,0.0869,0.0943,0.1033,0.1111,0.1579,0.1994,0.2048,0.2196,0.2313,0.2364
debt_to_total_equity_median,NA,NA,NA,NA,NA,NA,NA,NA,0.0547,0.0547,0.0547,0.0547,0.0547,0.0334,0.0257,0.0186,0.0133,0.0098,0.0072,0.0065,0.0046,0.0031,0.0029,0.0027,0.0013,0,0,0,0,0,0,0,0,0,0,0.0029,0.0409,0.078,0.081,0.081,0.081,0.081,0.0842,0.0869,0.0869,0.0869,0.0869,0.0943,0.1033,0.1111,0.1579,0.1994,0.2048,0.2196,0.2313,0.2364
revenue_cagr_10,0.0,0.0,0.0,0.0,0.0,0.0,0.0,0.0,0.0,0.0,0.1067,0.1119,0.1012,0.0991,0.1171,0.1251,0.1087,0.0981,0.1193,0.1241,0.1031,0.0954,0.1085,0.1171,0.0962,0.0924,0.1129,0.1236,0.1027,0.0852,0.0981,0.1014,0.0795,0.0672,0.0819,0.085,0.0555,0.0371,0.0602,0.0781,0.0666,0.0556,0.0676,0.0714,0.0468,0.0317,0.0456,0.0558,0.0292,0.0131,0.0269,0.0326,0.0231,0.0149,0.0381,0.0531
eps_diluted_cagr_10,0.0,0.0,0.0,0.0,0.0,0.0,0.0,0.0,0.0,0.0,0.1097,0.1242,0.1553,0.0791,0.167,0.0,0.0,0.2361,0.1316,0.153,0.1344,0.1457,0.1366,0.1496,0.1323,0.181,0.2434,0.1913,0.1848,0.1241,0.1136,0.118,-0.0056,-0.028,0.0738,0.0684,0.0073,0.0225,0.0483,0.0834,0.0648,0.0425,0.1424,0.1496,0.0252,-0.0039,-0.0041,-0.0022,-0.0206,-0.026,0.0289,0.0397,0.0387,0.0346,0.0828,0.1254
total_assets_cagr_10,0.0,0.0,0.0,0.0,0.0,0.0,0.0,0.0,0.0,0.1805,0.0,0.0,0.0,0.1261,0.129,0.1034,0.101,0.1131,0.1185,0.1213,0.133,0.1203,0.121,0.1207,0.11,0.0633,0.0651,0.0671,0.067,0.0621,0.059,0.0573,0.0625,0.0606,0.0611,0.0609,0.0576,0.0515,0.0511,0.0584,0.0586,0.0577,0.0447,0.0355,0.0281,0.0244,0.026,0.0288,0.0233,0.0263,0.0283,0.0301,0.0276,0.0332,0.0455,0.0498
total_shareholders_equity_cagr_10,0.0,0.0,0.0,0.0,0.0,0.0,0.0,0.0,0.0,0.1903,0.0,0.0,0.0,0.1411,0.1426,0.1049,0.1021,0.1287,0.1335,0.136,0.137,0.1253,0.1245,0.1242,0.1134,0.0629,0.0662,0.0654,0.0648,0.0602,0.0547,0.0526,0.048,0.0413,0.0421,0.0427,0.0399,0.0403,0.0425,0.0491,0.0522,0.0509,0.0442,0.0347,0.0274,0.0221,0.0165,0.013,0.0058,0.0043,0.0066,0.0103,0.0115,0.0229,0.0293,0.038
total_equity_cagr_10,0.0,0.0,0.0,0.0,0.0,0.0,0.0,0.0,0.0,0.1903,0.0,0.0,0.0,0.1411,0.1426,0.1049,0.1021,0.1287,0.1335,0.136,0.137,0.1253,0.1245,0.1242,0.1134,0.0629,0.0662,0.0654,0.0648,0.0602,0.0547,0.0526,0.048,0.0413,0.0421,0.0427,0.0399,0.0403,0.0425,0.0491,0.0522,0.0509,0.0442,0.0347,0.0274,0.0221,0.0165,0.013,0.0058,0.0043,0.0066,0.0103,0.0115,0.0229,0.0293,0.038
fcf_cagr_10,0.0,0.0,0.0,0.0,0.0,0.0,0.0,0.0,0.0,0.0,0.1324,0.0,0.0795,0.1037,0.0,0.0,0.3124,0.1066,0.1367,0.1384,0.1341,0.1356,0.1229,0.1542,0.1732,0.0292,0.1382,0.1504,0.1358,-0.0301,0.0588,0.0219,0.064,0.0313,0.043,0.0243,0.0546,-0.1944,0.0197,0.1269,0.0672,0.1004,0.0597,0.0983,0.0425,-0.0065,-0.2661,0.2494,0.0159,0.0184,0.0575,0.0324,0.0276,-0.0127,0.0651,0.1125
dividends_per_share_cagr_10,0,0,0,0,0,0,0,0,0,0,0,0,0,0,0,0,0,0,0,0,0,0,0,0,0,0,0,0,0,0,0,0,0,0,0,0,0,0,0,0,0,0,0,0,0,0,0,0,0,0,0,0,0,0,0,0
cf_cfo_cagr_10,0.0,0.0,0.0,0.0,0.0,0.0,0.0,0.0,0.0,0.0,0.1065,0.253,0.0856,0.1015,0.1096,0.3055,0.2112,0.1068,0.1179,0.1315,0.1385,0.1152,0.1212,0.139,0.1502,0.0449,0.1367,0.1509,0.1362,0.033,0.0798,0.0759,0.0871,0.0574,0.0628,0.0541,0.0602,-0.0659,0.0226,0.0834,0.0502,0.0568,0.0423,0.077,0.0422,0.0299,-0.0125,0.141,0.0359,0.0211,0.0524,0.0389,0.0316,0.0067,0.0579,0.0866
current_ratio,0.0,0.0,0.0,5.1212,4.8306,11.5735,11.375,10.71,10.3875,10.575,10.7205,11.8818,13.5583,12.8146,13.0591,9.403,8.5933,9.0116,10.6802,11.2477,13.163,12.2161,11.687,11.9655,12.6127,12.3088,13.3745,12.9156,9.9119,10.6708,8.9979,7.1939,5.3794,4.4657,4.6577,4.3994,4.602,6.0249,5.5089,5.051,6.0802,5.4253,4.2342,3.1542,2.8106,2.52,2.5704,2.2033,2.0678,2.3247,2.5671,2.6709,2.6806,2.8303,2.7322,2.9778
payout_ratio,0.0,0.0,0.0,0.0,0.0,0.0,0.0,0.0,0.0,0.0,0.0,0.0,0.0,0.0,0.0,0.0,0.0,0.0,0.0,0.0,0.0,0.0,0.0,0.0,0.0,0.0,0.0,0.0,0.0,0.0,0.0,0.0,0.0,0.0,0.0,0.0,0.0,0.0,0.0,0.0,0.0,0.0,0.0,0.0,0.0,0.0,0.0,0.0,0.0,0.0,0.0,0.0,0.1061,0.0968,0.0829,0.0623
peg_ratio,0.0,0.0,0.0,0.0,0.0,0.0,0.0,0.0,0.0,0.0,10.7834,7.4683,5.1706,9.1892,4.4673,0.0,0.0,3.7137,6.7949,5.255,4.9233,3.463,3.2895,2.1761,2.6894,1.8386,1.3223,1.6817,1.4049,2.3732,2.1326,1.4336,-42.7161,-11.4911,3.8212,4.6243,31.0723,12.1935,6.1073,3.1979,3.8225,5.9293,1.6508,1.5648,6.4049,-32.5178,-30.0676,-60.4028,-12.2912,-12.5747,8.9662,5.8353,6.9455,7.1642,3.1393,1.897
shares_eop_change,39000000,0,0,-417915000,0,3915000,24000000,206000000,39000000,20000000,22000000,94000000,17000000,11000000,33000000,170000000,28000000,-6000000,14000000,20000000,16000000,12000000,15000000,15000000,1000000,7000000,6000000,0,-4000000,-11000000,-18000000,-19000000,2000000,-2000000,0,-2000000,-1000000,-1000000,0,-1000000,-8000000,-15000000,-33000000,-52000000,-27000000,-17000000,-32000000,-51000000,-48000000,7000000,-2000000,-10000000,-24000000,-3912000,-9088000,10488000
net_debt,0,0,0,-1512000000,-1282000000,-2098000000,-2478000000,-884000000,-825000000,-1501000000,-3100000000,-3323000000,-2998000000,-4384000000,-8999000000,-4315000000,-3419000000,-5123000000,-4308000000,-4706000000,-6456000000,-5108000000,-6038000000,-8903000000,-7104000000,-6252000000,-7201000000,-8079000000,-12082000000,-11552000000,-9637000000,-9519000000,-11076000000,-13877000000,-15979000000,-19079000000,-23618000000,-21045000000,-11617000000,-17576000000,-19513000000,-16186000000,-14496000000,-16601000000,-14886000000,-12681000000,-4386000000,-4758000000,-1626000000,-10403000000,-18507000000,-23477000000,-13920000000,-13656000000,-15029000000,-15063000000
shares_eop,2556000000,2556000000,2556000000,2138085000,2138085000,2142000000,2166000000,2372000000,2411000000,2431000000,2453000000,2547000000,2564000000,2575000000,2608000000,2778000000,2806000000,2800000000,2814000000,2834000000,2850000000,2862000000,2877000000,2892000000,2893000000,2900000000,2906000000,2906000000,2902000000,2891000000,2873000000,2854000000,2856000000,2854000000,2854000000,2852000000,2851000000,2850000000,2850000000,2849000000,2841000000,2826000000,2793000000,2741000000,2714000000,2697000000,2665000000,2614000000,2566000000,2573000000,2571000000,2561000000,2537000000,2533088000,2524000000,2534488000
dividends,0.0,0.0,0.0,0.0,0.0,0.0,0.0,0.0,0.0,0.0,0.0,0.0,0.0,0.0,0.0,0.0,0.0,0.0,0.0,0.0,0.0,0.0,0.0,0.0,0.0,0.0,0.0,0.0,0.0,0.0,0.0,0.0,0.0,0.0,0.0,0.0,0.0,0.0,0.0,0.0,0.0,0.0,0.0,0.0,0.0,0.0,0.0,0.0,0.0,0.0,0.0,0.0,0.5,0.5,0.5,0.5
original_filing_date,2012-05-18,2012-07-31,2012-10-24,2012-05-18,2012-05-18,2012-07-31,2012-10-24,2013-02-01,2013-05-02,2013-07-25,2013-11-01,2014-01-31,2014-04-25,2014-07-24,2014-10-30,2015-01-29,2015-04-23,2015-07-31,2015-11-05,2016-01-28,2016-04-28,2016-07-28,2016-11-03,2017-02-03,2017-05-04,2017-07-27,2017-11-02,2018-02-01,2018-04-26,2018-07-26,2018-10-31,2019-01-31,2019-04-25,2019-07-25,2019-10-31,2020-01-30,2020-04-30,2020-07-31,2020-10-30,2021-01-28,2021-04-29,2021-07-29,2021-10-26,2022-02-03,2022-04-28,2022-07-28,2022-10-27,2023-02-02,2023-04-27,2023-07-27,2023-10-26,2024-02-02,2024-04-25,2024-08-01,2024-10-31,2025-01-30
period_end_price,0.0,0.0,0.0,0.0,0.0,31.1,21.66,26.62,25.58,24.88,50.23,54.65,60.24,67.29,79.04,78.02,82.22,85.77,89.9,104.66,114.1,114.28,128.27,115.05,142.05,150.98,168.73,176.46,159.79,194.32,164.46,131.09,166.69,193.0,178.08,205.25,166.8,227.07,261.9,273.16,294.53,347.71,339.39,336.35,222.36,161.25,135.68,120.34,211.94,286.98,300.21,353.96,485.58,504.22,572.44,585.51
roic_5yr_avg,0.25742273901528,0.25742273901528,0.25742273901528,0.25742273901528,0.25742273901528,0.25742273901528,0.25742273901528,0.25742273901528,0.25742273901528,0.25742273901528,0.25742273901528,0.25742273901528,0.25742273901528,0.25742273901528,0.25742273901528,0.25742273901528,0.25742273901528,0.25742273901528,0.25742273901528,0.25742273901528,0.25742273901528,0.25742273901528,0.25742273901528,0.25742273901528,0.25742273901528,0.25742273901528,0.25742273901528,0.25742273901528,0.25742273901528,0.25742273901528,0.25742273901528,0.25742273901528,0.25742273901528,0.25742273901528,0.25742273901528,0.25742273901528,0.25742273901528,0.25742273901528,0.25742273901528,0.25742273901528,0.25742273901528,0.25742273901528,0.25742273901528,0.25742273901528,0.25742273901528,0.25742273901528,0.25742273901528,0.25742273901528,0.25742273901528,0.25742273901528,0.25742273901528,0.25742273901528,0.25742273901528,0.25742273901528,0.25742273901528,0.25742273901528
fiscal_quarter_number,1,2,3,4,1,2,3,4,1,2,3,4,1,2,3,4,1,2,3,4,1,2,3,4,1,2,3,4,1,2,3,4,1,2,3,4,1,2,3,4,1,2,3,4,1,2,3,4,1,2,3,4,1,2,3,4
fiscal_quarter_key,FY2011.FQ1,FY2011.FQ2,FY2011.FQ3,FY2011.FQ4,FY2012.FQ1,FY2012.FQ2,FY2012.FQ3,FY2012.FQ4,FY2013.FQ1,FY2013.FQ2,FY2013.FQ3,FY2013.FQ4,FY2014.FQ1,FY2014.FQ2,FY2014.FQ3,FY2014.FQ4,FY2015.FQ1,FY2015.FQ2,FY2015.FQ3,FY2015.FQ4,FY2016.FQ1,FY2016.FQ2,FY2016.FQ3,FY2016.FQ4,FY2017.FQ1,FY2017.FQ2,FY2017.FQ3,FY2017.FQ4,FY2018.FQ1,FY2018.FQ2,FY2018.FQ3,FY2018.FQ4,FY2019.FQ1,FY2019.FQ2,FY2019.FQ3,FY2019.FQ4,FY2020.FQ1,FY2020.FQ2,FY2020.FQ3,FY2020.FQ4,FY2021.FQ1,FY2021.FQ2,FY2021.FQ3,FY2021.FQ4,FY2022.FQ1,FY2022.FQ2,FY2022.FQ3,FY2022.FQ4,FY2023.FQ1,FY2023.FQ2,FY2023.FQ3,FY2023.FQ4,FY2024.FQ1,FY2024.FQ2,FY2024.FQ3,FY2024.FQ4
